query_name,file,id,timeFirst(ms),time(ms),resultCount,requestCount,timeOut
/home/brecht/Thesis/watdiv/watdiv/bin/Release/datasets/100k/gen_queries/gen_queries_10_C1.txt,/home/brecht/Thesis/test-scripts/simpleLDFBenchmarker_10M,1,7128.558641,59102.790456,27,10639,false
/home/brecht/Thesis/watdiv/watdiv/bin/Release/datasets/100k/gen_queries/gen_queries_10_C2.txt,/home/brecht/Thesis/test-scripts/simpleLDFBenchmarker_10M,2,16386.809668,93220.379727,1,23364,false
/home/brecht/Thesis/watdiv/watdiv/bin/Release/datasets/100k/gen_queries/gen_queries_10_C3.txt,/home/brecht/Thesis/test-scripts/simpleLDFBenchmarker_10M,3,460.805011,347030.591398,417208,58850,false
/home/brecht/Thesis/watdiv/watdiv/bin/Release/datasets/100k/gen_queries/gen_queries_10_F1.txt,/home/brecht/Thesis/test-scripts/simpleLDFBenchmarker_10M,4,1465.098441,2262.525549,7,418,false
/home/brecht/Thesis/watdiv/watdiv/bin/Release/datasets/100k/gen_queries/gen_queries_10_F2.txt,/home/brecht/Thesis/test-scripts/simpleLDFBenchmarker_10M,5,-1,745.511019,0,193,false
/home/brecht/Thesis/watdiv/watdiv/bin/Release/datasets/100k/gen_queries/gen_queries_10_F3.txt,/home/brecht/Thesis/test-scripts/simpleLDFBenchmarker_10M,6,992.652878,4351.905016,13,1146,false
/home/brecht/Thesis/watdiv/watdiv/bin/Release/datasets/100k/gen_queries/gen_queries_10_F4.txt,/home/brecht/Thesis/test-scripts/simpleLDFBenchmarker_10M,7,2639.938176,6085.286097,31,1325,false
/home/brecht/Thesis/watdiv/watdiv/bin/Release/datasets/100k/gen_queries/gen_queries_10_F5.txt,/home/brecht/Thesis/test-scripts/simpleLDFBenchmarker_10M,8,62.113464,1095.961783,51,325,false
/home/brecht/Thesis/watdiv/watdiv/bin/Release/datasets/100k/gen_queries/gen_queries_10_L1.txt,/home/brecht/Thesis/test-scripts/simpleLDFBenchmarker_10M,9,93.894782,339.567456,11,105,false
/home/brecht/Thesis/watdiv/watdiv/bin/Release/datasets/100k/gen_queries/gen_queries_10_L2.txt,/home/brecht/Thesis/test-scripts/simpleLDFBenchmarker_10M,10,238.906794,2991.033465,40,769,false
/home/brecht/Thesis/watdiv/watdiv/bin/Release/datasets/100k/gen_queries/gen_queries_10_L3.txt,/home/brecht/Thesis/test-scripts/simpleLDFBenchmarker_10M,11,33.839312,83.278156,42,28,false
/home/brecht/Thesis/watdiv/watdiv/bin/Release/datasets/100k/gen_queries/gen_queries_10_L4.txt,/home/brecht/Thesis/test-scripts/simpleLDFBenchmarker_10M,12,73.866535,1987.909796,61,595,false
/home/brecht/Thesis/watdiv/watdiv/bin/Release/datasets/100k/gen_queries/gen_queries_10_L5.txt,/home/brecht/Thesis/test-scripts/simpleLDFBenchmarker_10M,13,137.476108,3842.630919,58,1045,false
/home/brecht/Thesis/watdiv/watdiv/bin/Release/datasets/100k/gen_queries/gen_queries_10_S1.txt,/home/brecht/Thesis/test-scripts/simpleLDFBenchmarker_10M,14,310.395199,1715.97242,19,296,false
/home/brecht/Thesis/watdiv/watdiv/bin/Release/datasets/100k/gen_queries/gen_queries_10_S2.txt,/home/brecht/Thesis/test-scripts/simpleLDFBenchmarker_10M,15,61.62925,12824.638963,110,3406,false
/home/brecht/Thesis/watdiv/watdiv/bin/Release/datasets/100k/gen_queries/gen_queries_10_S3.txt,/home/brecht/Thesis/test-scripts/simpleLDFBenchmarker_10M,16,-1,5205.410841,0,1306,false
/home/brecht/Thesis/watdiv/watdiv/bin/Release/datasets/100k/gen_queries/gen_queries_10_S4.txt,/home/brecht/Thesis/test-scripts/simpleLDFBenchmarker_10M,17,4237.026557,4249.320779,10,1116,false
/home/brecht/Thesis/watdiv/watdiv/bin/Release/datasets/100k/gen_queries/gen_queries_10_S5.txt,/home/brecht/Thesis/test-scripts/simpleLDFBenchmarker_10M,18,-1,5977.910908,0,1476,false
/home/brecht/Thesis/watdiv/watdiv/bin/Release/datasets/100k/gen_queries/gen_queries_10_S6.txt,/home/brecht/Thesis/test-scripts/simpleLDFBenchmarker_10M,19,100.922962,1302.262525,6,380,false
/home/brecht/Thesis/watdiv/watdiv/bin/Release/datasets/100k/gen_queries/gen_queries_10_S7.txt,/home/brecht/Thesis/test-scripts/simpleLDFBenchmarker_10M,20,-1,56.45007,0,3,false
/home/brecht/Thesis/watdiv/watdiv/bin/Release/datasets/100k/gen_queries/gen_queries_11_C1.txt,/home/brecht/Thesis/test-scripts/simpleLDFBenchmarker_10M,21,3722.344326,64385.953672999996,27,10639,false
/home/brecht/Thesis/watdiv/watdiv/bin/Release/datasets/100k/gen_queries/gen_queries_11_C2.txt,/home/brecht/Thesis/test-scripts/simpleLDFBenchmarker_10M,22,16817.249952,94064.206599,1,23393,false
/home/brecht/Thesis/watdiv/watdiv/bin/Release/datasets/100k/gen_queries/gen_queries_11_C3.txt,/home/brecht/Thesis/test-scripts/simpleLDFBenchmarker_10M,23,363.105358,348067.848348,417208,58850,false
/home/brecht/Thesis/watdiv/watdiv/bin/Release/datasets/100k/gen_queries/gen_queries_11_F1.txt,/home/brecht/Thesis/test-scripts/simpleLDFBenchmarker_10M,24,1360.900177,1863.565082,7,418,false
/home/brecht/Thesis/watdiv/watdiv/bin/Release/datasets/100k/gen_queries/gen_queries_11_F2.txt,/home/brecht/Thesis/test-scripts/simpleLDFBenchmarker_10M,25,-1,649.588185,0,193,false
/home/brecht/Thesis/watdiv/watdiv/bin/Release/datasets/100k/gen_queries/gen_queries_11_F3.txt,/home/brecht/Thesis/test-scripts/simpleLDFBenchmarker_10M,26,1070.537617,4465.8221379999995,13,1146,false
/home/brecht/Thesis/watdiv/watdiv/bin/Release/datasets/100k/gen_queries/gen_queries_11_F4.txt,/home/brecht/Thesis/test-scripts/simpleLDFBenchmarker_10M,27,2780.85718,6382.317986,31,1325,false
/home/brecht/Thesis/watdiv/watdiv/bin/Release/datasets/100k/gen_queries/gen_queries_11_F5.txt,/home/brecht/Thesis/test-scripts/simpleLDFBenchmarker_10M,28,61.132971,1095.126945,51,325,false
/home/brecht/Thesis/watdiv/watdiv/bin/Release/datasets/100k/gen_queries/gen_queries_11_L1.txt,/home/brecht/Thesis/test-scripts/simpleLDFBenchmarker_10M,29,95.418622,406.707539,11,105,false
/home/brecht/Thesis/watdiv/watdiv/bin/Release/datasets/100k/gen_queries/gen_queries_11_L2.txt,/home/brecht/Thesis/test-scripts/simpleLDFBenchmarker_10M,30,311.10874,2955.942187,40,769,false
/home/brecht/Thesis/watdiv/watdiv/bin/Release/datasets/100k/gen_queries/gen_queries_11_L3.txt,/home/brecht/Thesis/test-scripts/simpleLDFBenchmarker_10M,31,24.493657,84.466707,44,29,false
/home/brecht/Thesis/watdiv/watdiv/bin/Release/datasets/100k/gen_queries/gen_queries_11_L4.txt,/home/brecht/Thesis/test-scripts/simpleLDFBenchmarker_10M,32,23.663219,2054.464894,66,586,false
/home/brecht/Thesis/watdiv/watdiv/bin/Release/datasets/100k/gen_queries/gen_queries_11_L5.txt,/home/brecht/Thesis/test-scripts/simpleLDFBenchmarker_10M,33,99.268106,3717.72517,58,1045,false
/home/brecht/Thesis/watdiv/watdiv/bin/Release/datasets/100k/gen_queries/gen_queries_11_S1.txt,/home/brecht/Thesis/test-scripts/simpleLDFBenchmarker_10M,34,267.060887,1378.050087,19,296,false
/home/brecht/Thesis/watdiv/watdiv/bin/Release/datasets/100k/gen_queries/gen_queries_11_S2.txt,/home/brecht/Thesis/test-scripts/simpleLDFBenchmarker_10M,35,36.674445,12900.462378,110,3406,false
/home/brecht/Thesis/watdiv/watdiv/bin/Release/datasets/100k/gen_queries/gen_queries_11_S3.txt,/home/brecht/Thesis/test-scripts/simpleLDFBenchmarker_10M,36,-1,5421.4901310000005,0,1306,false
/home/brecht/Thesis/watdiv/watdiv/bin/Release/datasets/100k/gen_queries/gen_queries_11_S4.txt,/home/brecht/Thesis/test-scripts/simpleLDFBenchmarker_10M,37,4457.206355,4466.855843,10,1116,false
/home/brecht/Thesis/watdiv/watdiv/bin/Release/datasets/100k/gen_queries/gen_queries_11_S5.txt,/home/brecht/Thesis/test-scripts/simpleLDFBenchmarker_10M,38,-1,5409.604112,0,1476,false
/home/brecht/Thesis/watdiv/watdiv/bin/Release/datasets/100k/gen_queries/gen_queries_11_S6.txt,/home/brecht/Thesis/test-scripts/simpleLDFBenchmarker_10M,39,124.725628,1680.673261,6,380,false
/home/brecht/Thesis/watdiv/watdiv/bin/Release/datasets/100k/gen_queries/gen_queries_11_S7.txt,/home/brecht/Thesis/test-scripts/simpleLDFBenchmarker_10M,40,-1,23.098138,0,3,false
/home/brecht/Thesis/watdiv/watdiv/bin/Release/datasets/100k/gen_queries/gen_queries_12_C1.txt,/home/brecht/Thesis/test-scripts/simpleLDFBenchmarker_10M,41,3506.365168,61709.761891,27,10639,false
/home/brecht/Thesis/watdiv/watdiv/bin/Release/datasets/100k/gen_queries/gen_queries_12_C2.txt,/home/brecht/Thesis/test-scripts/simpleLDFBenchmarker_10M,42,17045.314923,90759.662133,1,23369,false
/home/brecht/Thesis/watdiv/watdiv/bin/Release/datasets/100k/gen_queries/gen_queries_12_C3.txt,/home/brecht/Thesis/test-scripts/simpleLDFBenchmarker_10M,43,334.575888,341070.777288,417208,58850,false
/home/brecht/Thesis/watdiv/watdiv/bin/Release/datasets/100k/gen_queries/gen_queries_12_F1.txt,/home/brecht/Thesis/test-scripts/simpleLDFBenchmarker_10M,44,1293.363005,1803.659036,7,418,false
/home/brecht/Thesis/watdiv/watdiv/bin/Release/datasets/100k/gen_queries/gen_queries_12_F2.txt,/home/brecht/Thesis/test-scripts/simpleLDFBenchmarker_10M,45,-1,630.527269,0,193,false
/home/brecht/Thesis/watdiv/watdiv/bin/Release/datasets/100k/gen_queries/gen_queries_12_F3.txt,/home/brecht/Thesis/test-scripts/simpleLDFBenchmarker_10M,46,2211.475593,2840.438186,4,707,false
/home/brecht/Thesis/watdiv/watdiv/bin/Release/datasets/100k/gen_queries/gen_queries_12_F4.txt,/home/brecht/Thesis/test-scripts/simpleLDFBenchmarker_10M,47,2203.334498,5540.452258,31,1325,false
/home/brecht/Thesis/watdiv/watdiv/bin/Release/datasets/100k/gen_queries/gen_queries_12_F5.txt,/home/brecht/Thesis/test-scripts/simpleLDFBenchmarker_10M,48,73.129057,1357.098176,47,314,false
/home/brecht/Thesis/watdiv/watdiv/bin/Release/datasets/100k/gen_queries/gen_queries_12_L1.txt,/home/brecht/Thesis/test-scripts/simpleLDFBenchmarker_10M,49,62.624853,332.386283,11,105,false
/home/brecht/Thesis/watdiv/watdiv/bin/Release/datasets/100k/gen_queries/gen_queries_12_L2.txt,/home/brecht/Thesis/test-scripts/simpleLDFBenchmarker_10M,50,204.812705,2651.554578,40,769,false
/home/brecht/Thesis/watdiv/watdiv/bin/Release/datasets/100k/gen_queries/gen_queries_12_L3.txt,/home/brecht/Thesis/test-scripts/simpleLDFBenchmarker_10M,51,262.809171,324.430021,44,29,false
/home/brecht/Thesis/watdiv/watdiv/bin/Release/datasets/100k/gen_queries/gen_queries_12_L4.txt,/home/brecht/Thesis/test-scripts/simpleLDFBenchmarker_10M,52,24.446701,1787.878709,66,586,false
/home/brecht/Thesis/watdiv/watdiv/bin/Release/datasets/100k/gen_queries/gen_queries_12_L5.txt,/home/brecht/Thesis/test-scripts/simpleLDFBenchmarker_10M,53,113.807139,3749.760625,58,1045,false
/home/brecht/Thesis/watdiv/watdiv/bin/Release/datasets/100k/gen_queries/gen_queries_12_S1.txt,/home/brecht/Thesis/test-scripts/simpleLDFBenchmarker_10M,54,148.271645,498.639561,8,138,false
/home/brecht/Thesis/watdiv/watdiv/bin/Release/datasets/100k/gen_queries/gen_queries_12_S2.txt,/home/brecht/Thesis/test-scripts/simpleLDFBenchmarker_10M,55,110.912665,8486.983075,70,2286,false
/home/brecht/Thesis/watdiv/watdiv/bin/Release/datasets/100k/gen_queries/gen_queries_12_S3.txt,/home/brecht/Thesis/test-scripts/simpleLDFBenchmarker_10M,56,-1,4926.280007,0,1306,false
/home/brecht/Thesis/watdiv/watdiv/bin/Release/datasets/100k/gen_queries/gen_queries_12_S4.txt,/home/brecht/Thesis/test-scripts/simpleLDFBenchmarker_10M,57,2340.464926,3665.585497,1,929,false
/home/brecht/Thesis/watdiv/watdiv/bin/Release/datasets/100k/gen_queries/gen_queries_12_S5.txt,/home/brecht/Thesis/test-scripts/simpleLDFBenchmarker_10M,58,-1,5255.541125,0,1476,false
/home/brecht/Thesis/watdiv/watdiv/bin/Release/datasets/100k/gen_queries/gen_queries_12_S6.txt,/home/brecht/Thesis/test-scripts/simpleLDFBenchmarker_10M,59,325.73586,1556.566842,7,381,false
/home/brecht/Thesis/watdiv/watdiv/bin/Release/datasets/100k/gen_queries/gen_queries_12_S7.txt,/home/brecht/Thesis/test-scripts/simpleLDFBenchmarker_10M,60,-1,14.36442,0,3,false
/home/brecht/Thesis/watdiv/watdiv/bin/Release/datasets/100k/gen_queries/gen_queries_13_C1.txt,/home/brecht/Thesis/test-scripts/simpleLDFBenchmarker_10M,61,3550.670362,60570.099865,27,10639,false
/home/brecht/Thesis/watdiv/watdiv/bin/Release/datasets/100k/gen_queries/gen_queries_13_C2.txt,/home/brecht/Thesis/test-scripts/simpleLDFBenchmarker_10M,62,16835.665564,91006.984353,1,23373,false
/home/brecht/Thesis/watdiv/watdiv/bin/Release/datasets/100k/gen_queries/gen_queries_13_C3.txt,/home/brecht/Thesis/test-scripts/simpleLDFBenchmarker_10M,63,359.408496,341816.189131,417208,58850,false
/home/brecht/Thesis/watdiv/watdiv/bin/Release/datasets/100k/gen_queries/gen_queries_13_F1.txt,/home/brecht/Thesis/test-scripts/simpleLDFBenchmarker_10M,64,-1,2040.470967,0,416,false
/home/brecht/Thesis/watdiv/watdiv/bin/Release/datasets/100k/gen_queries/gen_queries_13_F2.txt,/home/brecht/Thesis/test-scripts/simpleLDFBenchmarker_10M,65,130.173472,6189.921708,17,1714,false
/home/brecht/Thesis/watdiv/watdiv/bin/Release/datasets/100k/gen_queries/gen_queries_13_F3.txt,/home/brecht/Thesis/test-scripts/simpleLDFBenchmarker_10M,66,2029.885719,2622.616009,4,707,false
/home/brecht/Thesis/watdiv/watdiv/bin/Release/datasets/100k/gen_queries/gen_queries_13_F4.txt,/home/brecht/Thesis/test-scripts/simpleLDFBenchmarker_10M,67,1526.128772,5164.998665,13,1174,false
/home/brecht/Thesis/watdiv/watdiv/bin/Release/datasets/100k/gen_queries/gen_queries_13_F5.txt,/home/brecht/Thesis/test-scripts/simpleLDFBenchmarker_10M,68,113.144613,1382.512518,47,314,false
/home/brecht/Thesis/watdiv/watdiv/bin/Release/datasets/100k/gen_queries/gen_queries_13_L1.txt,/home/brecht/Thesis/test-scripts/simpleLDFBenchmarker_10M,69,97.454275,382.207883,11,105,false
/home/brecht/Thesis/watdiv/watdiv/bin/Release/datasets/100k/gen_queries/gen_queries_13_L2.txt,/home/brecht/Thesis/test-scripts/simpleLDFBenchmarker_10M,70,43.802488,1322.493102,16,408,false
/home/brecht/Thesis/watdiv/watdiv/bin/Release/datasets/100k/gen_queries/gen_queries_13_L3.txt,/home/brecht/Thesis/test-scripts/simpleLDFBenchmarker_10M,71,21.084144,132.766429,44,29,false
/home/brecht/Thesis/watdiv/watdiv/bin/Release/datasets/100k/gen_queries/gen_queries_13_L4.txt,/home/brecht/Thesis/test-scripts/simpleLDFBenchmarker_10M,72,31.010989,2223.420121,66,586,false
/home/brecht/Thesis/watdiv/watdiv/bin/Release/datasets/100k/gen_queries/gen_queries_13_L5.txt,/home/brecht/Thesis/test-scripts/simpleLDFBenchmarker_10M,73,103.431195,2554.449777,33,769,false
/home/brecht/Thesis/watdiv/watdiv/bin/Release/datasets/100k/gen_queries/gen_queries_13_S1.txt,/home/brecht/Thesis/test-scripts/simpleLDFBenchmarker_10M,74,184.51408,817.316012,8,138,false
/home/brecht/Thesis/watdiv/watdiv/bin/Release/datasets/100k/gen_queries/gen_queries_13_S2.txt,/home/brecht/Thesis/test-scripts/simpleLDFBenchmarker_10M,75,82.384093,8077.593866,70,2286,false
/home/brecht/Thesis/watdiv/watdiv/bin/Release/datasets/100k/gen_queries/gen_queries_13_S3.txt,/home/brecht/Thesis/test-scripts/simpleLDFBenchmarker_10M,76,-1,4660.988156,0,1306,false
/home/brecht/Thesis/watdiv/watdiv/bin/Release/datasets/100k/gen_queries/gen_queries_13_S4.txt,/home/brecht/Thesis/test-scripts/simpleLDFBenchmarker_10M,77,2580.186814,3693.900874,1,929,false
/home/brecht/Thesis/watdiv/watdiv/bin/Release/datasets/100k/gen_queries/gen_queries_13_S5.txt,/home/brecht/Thesis/test-scripts/simpleLDFBenchmarker_10M,78,70.346144,5813.650179,10,1538,false
/home/brecht/Thesis/watdiv/watdiv/bin/Release/datasets/100k/gen_queries/gen_queries_13_S6.txt,/home/brecht/Thesis/test-scripts/simpleLDFBenchmarker_10M,79,221.822007,1184.484633,7,381,false
/home/brecht/Thesis/watdiv/watdiv/bin/Release/datasets/100k/gen_queries/gen_queries_13_S7.txt,/home/brecht/Thesis/test-scripts/simpleLDFBenchmarker_10M,80,-1,14.258121,0,3,false
/home/brecht/Thesis/watdiv/watdiv/bin/Release/datasets/100k/gen_queries/gen_queries_14_C1.txt,/home/brecht/Thesis/test-scripts/simpleLDFBenchmarker_10M,81,3569.90143,61799.40712,27,10639,false
/home/brecht/Thesis/watdiv/watdiv/bin/Release/datasets/100k/gen_queries/gen_queries_14_C2.txt,/home/brecht/Thesis/test-scripts/simpleLDFBenchmarker_10M,82,16639.081407,90249.109031,1,23391,false
/home/brecht/Thesis/watdiv/watdiv/bin/Release/datasets/100k/gen_queries/gen_queries_14_C3.txt,/home/brecht/Thesis/test-scripts/simpleLDFBenchmarker_10M,83,436.227974,341927.78438,417208,58850,false
/home/brecht/Thesis/watdiv/watdiv/bin/Release/datasets/100k/gen_queries/gen_queries_14_F1.txt,/home/brecht/Thesis/test-scripts/simpleLDFBenchmarker_10M,84,-1,1579.064323,0,416,false
/home/brecht/Thesis/watdiv/watdiv/bin/Release/datasets/100k/gen_queries/gen_queries_14_F2.txt,/home/brecht/Thesis/test-scripts/simpleLDFBenchmarker_10M,85,173.668809,6635.93378,17,1714,false
/home/brecht/Thesis/watdiv/watdiv/bin/Release/datasets/100k/gen_queries/gen_queries_14_F3.txt,/home/brecht/Thesis/test-scripts/simpleLDFBenchmarker_10M,86,1910.296904,2845.818388,4,707,false
/home/brecht/Thesis/watdiv/watdiv/bin/Release/datasets/100k/gen_queries/gen_queries_14_F4.txt,/home/brecht/Thesis/test-scripts/simpleLDFBenchmarker_10M,87,1168.676951,4723.248845,13,1174,false
/home/brecht/Thesis/watdiv/watdiv/bin/Release/datasets/100k/gen_queries/gen_queries_14_F5.txt,/home/brecht/Thesis/test-scripts/simpleLDFBenchmarker_10M,88,92.904248,1126.121043,47,314,false
/home/brecht/Thesis/watdiv/watdiv/bin/Release/datasets/100k/gen_queries/gen_queries_14_L1.txt,/home/brecht/Thesis/test-scripts/simpleLDFBenchmarker_10M,89,87.369689,284.158331,5,70,false
/home/brecht/Thesis/watdiv/watdiv/bin/Release/datasets/100k/gen_queries/gen_queries_14_L2.txt,/home/brecht/Thesis/test-scripts/simpleLDFBenchmarker_10M,90,51.97658,1717.6754919999998,16,408,false
/home/brecht/Thesis/watdiv/watdiv/bin/Release/datasets/100k/gen_queries/gen_queries_14_L3.txt,/home/brecht/Thesis/test-scripts/simpleLDFBenchmarker_10M,91,24.38585,118.697338,44,29,false
/home/brecht/Thesis/watdiv/watdiv/bin/Release/datasets/100k/gen_queries/gen_queries_14_L4.txt,/home/brecht/Thesis/test-scripts/simpleLDFBenchmarker_10M,92,24.658956,1987.175669,56,624,false
/home/brecht/Thesis/watdiv/watdiv/bin/Release/datasets/100k/gen_queries/gen_queries_14_L5.txt,/home/brecht/Thesis/test-scripts/simpleLDFBenchmarker_10M,93,129.25977,2813.465165,33,769,false
/home/brecht/Thesis/watdiv/watdiv/bin/Release/datasets/100k/gen_queries/gen_queries_14_S1.txt,/home/brecht/Thesis/test-scripts/simpleLDFBenchmarker_10M,94,149.59809,526.685009,8,138,false
/home/brecht/Thesis/watdiv/watdiv/bin/Release/datasets/100k/gen_queries/gen_queries_14_S2.txt,/home/brecht/Thesis/test-scripts/simpleLDFBenchmarker_10M,95,87.526272,8520.257076,70,2286,false
/home/brecht/Thesis/watdiv/watdiv/bin/Release/datasets/100k/gen_queries/gen_queries_14_S3.txt,/home/brecht/Thesis/test-scripts/simpleLDFBenchmarker_10M,96,-1,4966.683449,0,1306,false
/home/brecht/Thesis/watdiv/watdiv/bin/Release/datasets/100k/gen_queries/gen_queries_14_S4.txt,/home/brecht/Thesis/test-scripts/simpleLDFBenchmarker_10M,97,2320.289724,3733.542909,1,929,false
/home/brecht/Thesis/watdiv/watdiv/bin/Release/datasets/100k/gen_queries/gen_queries_14_S5.txt,/home/brecht/Thesis/test-scripts/simpleLDFBenchmarker_10M,98,70.845176,5531.818729,10,1538,false
/home/brecht/Thesis/watdiv/watdiv/bin/Release/datasets/100k/gen_queries/gen_queries_14_S6.txt,/home/brecht/Thesis/test-scripts/simpleLDFBenchmarker_10M,99,338.277874,1541.2789149999999,7,381,false
/home/brecht/Thesis/watdiv/watdiv/bin/Release/datasets/100k/gen_queries/gen_queries_14_S7.txt,/home/brecht/Thesis/test-scripts/simpleLDFBenchmarker_10M,100,-1,15.766375,0,3,false
/home/brecht/Thesis/watdiv/watdiv/bin/Release/datasets/100k/gen_queries/gen_queries_15_C1.txt,/home/brecht/Thesis/test-scripts/simpleLDFBenchmarker_10M,101,3598.659673,62757.118397,27,10639,false
/home/brecht/Thesis/watdiv/watdiv/bin/Release/datasets/100k/gen_queries/gen_queries_15_C2.txt,/home/brecht/Thesis/test-scripts/simpleLDFBenchmarker_10M,102,16610.960818,90525.491952,1,23362,false
/home/brecht/Thesis/watdiv/watdiv/bin/Release/datasets/100k/gen_queries/gen_queries_15_C3.txt,/home/brecht/Thesis/test-scripts/simpleLDFBenchmarker_10M,103,346.266023,337901.256526,417208,58850,false
/home/brecht/Thesis/watdiv/watdiv/bin/Release/datasets/100k/gen_queries/gen_queries_15_F1.txt,/home/brecht/Thesis/test-scripts/simpleLDFBenchmarker_10M,104,-1,1534.200505,0,416,false
/home/brecht/Thesis/watdiv/watdiv/bin/Release/datasets/100k/gen_queries/gen_queries_15_F2.txt,/home/brecht/Thesis/test-scripts/simpleLDFBenchmarker_10M,105,131.466249,6596.761987,17,1714,false
/home/brecht/Thesis/watdiv/watdiv/bin/Release/datasets/100k/gen_queries/gen_queries_15_F3.txt,/home/brecht/Thesis/test-scripts/simpleLDFBenchmarker_10M,106,75.210439,85.022038,1,30,false
/home/brecht/Thesis/watdiv/watdiv/bin/Release/datasets/100k/gen_queries/gen_queries_15_F4.txt,/home/brecht/Thesis/test-scripts/simpleLDFBenchmarker_10M,107,1160.217135,4552.973666,13,1174,false
/home/brecht/Thesis/watdiv/watdiv/bin/Release/datasets/100k/gen_queries/gen_queries_15_F5.txt,/home/brecht/Thesis/test-scripts/simpleLDFBenchmarker_10M,108,54.222472,600.038733,25,155,false
/home/brecht/Thesis/watdiv/watdiv/bin/Release/datasets/100k/gen_queries/gen_queries_15_L1.txt,/home/brecht/Thesis/test-scripts/simpleLDFBenchmarker_10M,109,124.495127,296.971752,5,70,false
/home/brecht/Thesis/watdiv/watdiv/bin/Release/datasets/100k/gen_queries/gen_queries_15_L2.txt,/home/brecht/Thesis/test-scripts/simpleLDFBenchmarker_10M,110,52.346842,1655.93977,16,408,false
/home/brecht/Thesis/watdiv/watdiv/bin/Release/datasets/100k/gen_queries/gen_queries_15_L3.txt,/home/brecht/Thesis/test-scripts/simpleLDFBenchmarker_10M,111,62.953702,110.332297,15,24,false
/home/brecht/Thesis/watdiv/watdiv/bin/Release/datasets/100k/gen_queries/gen_queries_15_L4.txt,/home/brecht/Thesis/test-scripts/simpleLDFBenchmarker_10M,112,28.9364,2119.380682,56,624,false
/home/brecht/Thesis/watdiv/watdiv/bin/Release/datasets/100k/gen_queries/gen_queries_15_L5.txt,/home/brecht/Thesis/test-scripts/simpleLDFBenchmarker_10M,113,91.430517,2720.881006,33,769,false
/home/brecht/Thesis/watdiv/watdiv/bin/Release/datasets/100k/gen_queries/gen_queries_15_S1.txt,/home/brecht/Thesis/test-scripts/simpleLDFBenchmarker_10M,114,147.070734,506.224534,8,138,false
/home/brecht/Thesis/watdiv/watdiv/bin/Release/datasets/100k/gen_queries/gen_queries_15_S2.txt,/home/brecht/Thesis/test-scripts/simpleLDFBenchmarker_10M,115,198.251245,1300.98603,11,330,false
/home/brecht/Thesis/watdiv/watdiv/bin/Release/datasets/100k/gen_queries/gen_queries_15_S3.txt,/home/brecht/Thesis/test-scripts/simpleLDFBenchmarker_10M,116,-1,4871.009233,0,1306,false
/home/brecht/Thesis/watdiv/watdiv/bin/Release/datasets/100k/gen_queries/gen_queries_15_S4.txt,/home/brecht/Thesis/test-scripts/simpleLDFBenchmarker_10M,117,2274.182919,3677.254881,1,929,false
/home/brecht/Thesis/watdiv/watdiv/bin/Release/datasets/100k/gen_queries/gen_queries_15_S5.txt,/home/brecht/Thesis/test-scripts/simpleLDFBenchmarker_10M,118,71.138236,5468.038463,10,1538,false
/home/brecht/Thesis/watdiv/watdiv/bin/Release/datasets/100k/gen_queries/gen_queries_15_S6.txt,/home/brecht/Thesis/test-scripts/simpleLDFBenchmarker_10M,119,131.319439,2486.854812,11,714,false
/home/brecht/Thesis/watdiv/watdiv/bin/Release/datasets/100k/gen_queries/gen_queries_15_S7.txt,/home/brecht/Thesis/test-scripts/simpleLDFBenchmarker_10M,120,-1,14.527333,0,3,false
/home/brecht/Thesis/watdiv/watdiv/bin/Release/datasets/100k/gen_queries/gen_queries_16_C1.txt,/home/brecht/Thesis/test-scripts/simpleLDFBenchmarker_10M,121,3610.218233,60950.710814,27,10639,false
/home/brecht/Thesis/watdiv/watdiv/bin/Release/datasets/100k/gen_queries/gen_queries_16_C2.txt,/home/brecht/Thesis/test-scripts/simpleLDFBenchmarker_10M,122,16732.865923,91690.303679,1,23399,false
/home/brecht/Thesis/watdiv/watdiv/bin/Release/datasets/100k/gen_queries/gen_queries_16_C3.txt,/home/brecht/Thesis/test-scripts/simpleLDFBenchmarker_10M,123,404.966168,341909.064935,417208,58850,false
/home/brecht/Thesis/watdiv/watdiv/bin/Release/datasets/100k/gen_queries/gen_queries_16_F1.txt,/home/brecht/Thesis/test-scripts/simpleLDFBenchmarker_10M,124,-1,1570.570247,0,416,false
/home/brecht/Thesis/watdiv/watdiv/bin/Release/datasets/100k/gen_queries/gen_queries_16_F2.txt,/home/brecht/Thesis/test-scripts/simpleLDFBenchmarker_10M,125,542.903155,703.835315,3,179,false
/home/brecht/Thesis/watdiv/watdiv/bin/Release/datasets/100k/gen_queries/gen_queries_16_F3.txt,/home/brecht/Thesis/test-scripts/simpleLDFBenchmarker_10M,126,152.105971,166.353866,1,30,false
/home/brecht/Thesis/watdiv/watdiv/bin/Release/datasets/100k/gen_queries/gen_queries_16_F4.txt,/home/brecht/Thesis/test-scripts/simpleLDFBenchmarker_10M,127,422.11174,6120.062148,34,1305,false
/home/brecht/Thesis/watdiv/watdiv/bin/Release/datasets/100k/gen_queries/gen_queries_16_F5.txt,/home/brecht/Thesis/test-scripts/simpleLDFBenchmarker_10M,128,57.10564,527.895814,25,155,false
/home/brecht/Thesis/watdiv/watdiv/bin/Release/datasets/100k/gen_queries/gen_queries_16_L1.txt,/home/brecht/Thesis/test-scripts/simpleLDFBenchmarker_10M,129,105.264976,286.120013,5,70,false
/home/brecht/Thesis/watdiv/watdiv/bin/Release/datasets/100k/gen_queries/gen_queries_16_L2.txt,/home/brecht/Thesis/test-scripts/simpleLDFBenchmarker_10M,130,144.622814,16454.458815,223,4411,false
/home/brecht/Thesis/watdiv/watdiv/bin/Release/datasets/100k/gen_queries/gen_queries_16_L3.txt,/home/brecht/Thesis/test-scripts/simpleLDFBenchmarker_10M,131,36.259578,78.158441,15,24,false
/home/brecht/Thesis/watdiv/watdiv/bin/Release/datasets/100k/gen_queries/gen_queries_16_L4.txt,/home/brecht/Thesis/test-scripts/simpleLDFBenchmarker_10M,132,32.897774,2398.2652120000002,56,624,false
/home/brecht/Thesis/watdiv/watdiv/bin/Release/datasets/100k/gen_queries/gen_queries_16_L5.txt,/home/brecht/Thesis/test-scripts/simpleLDFBenchmarker_10M,133,116.114759,3903.301922,58,1045,false
/home/brecht/Thesis/watdiv/watdiv/bin/Release/datasets/100k/gen_queries/gen_queries_16_S1.txt,/home/brecht/Thesis/test-scripts/simpleLDFBenchmarker_10M,134,338.668934,597.020968,7,150,false
/home/brecht/Thesis/watdiv/watdiv/bin/Release/datasets/100k/gen_queries/gen_queries_16_S2.txt,/home/brecht/Thesis/test-scripts/simpleLDFBenchmarker_10M,135,194.114693,1133.051327,11,330,false
/home/brecht/Thesis/watdiv/watdiv/bin/Release/datasets/100k/gen_queries/gen_queries_16_S3.txt,/home/brecht/Thesis/test-scripts/simpleLDFBenchmarker_10M,136,-1,5029.268896,0,1306,false
/home/brecht/Thesis/watdiv/watdiv/bin/Release/datasets/100k/gen_queries/gen_queries_16_S4.txt,/home/brecht/Thesis/test-scripts/simpleLDFBenchmarker_10M,137,2595.5400680000002,4429.322232,1,929,false
/home/brecht/Thesis/watdiv/watdiv/bin/Release/datasets/100k/gen_queries/gen_queries_16_S5.txt,/home/brecht/Thesis/test-scripts/simpleLDFBenchmarker_10M,138,-1,5626.866419,0,1476,false
/home/brecht/Thesis/watdiv/watdiv/bin/Release/datasets/100k/gen_queries/gen_queries_16_S6.txt,/home/brecht/Thesis/test-scripts/simpleLDFBenchmarker_10M,139,76.061048,2740.768647,11,714,false
/home/brecht/Thesis/watdiv/watdiv/bin/Release/datasets/100k/gen_queries/gen_queries_16_S7.txt,/home/brecht/Thesis/test-scripts/simpleLDFBenchmarker_10M,140,-1,15.755381,0,3,false
/home/brecht/Thesis/watdiv/watdiv/bin/Release/datasets/100k/gen_queries/gen_queries_17_C1.txt,/home/brecht/Thesis/test-scripts/simpleLDFBenchmarker_10M,141,3939.420533,62762.250021,27,10639,false
/home/brecht/Thesis/watdiv/watdiv/bin/Release/datasets/100k/gen_queries/gen_queries_17_C2.txt,/home/brecht/Thesis/test-scripts/simpleLDFBenchmarker_10M,142,16594.185185,90592.863863,1,23384,false
/home/brecht/Thesis/watdiv/watdiv/bin/Release/datasets/100k/gen_queries/gen_queries_17_C3.txt,/home/brecht/Thesis/test-scripts/simpleLDFBenchmarker_10M,143,343.482763,340176.243352,417208,58850,false
/home/brecht/Thesis/watdiv/watdiv/bin/Release/datasets/100k/gen_queries/gen_queries_17_F1.txt,/home/brecht/Thesis/test-scripts/simpleLDFBenchmarker_10M,144,220.135066,1989.9432980000001,9,418,false
/home/brecht/Thesis/watdiv/watdiv/bin/Release/datasets/100k/gen_queries/gen_queries_17_F2.txt,/home/brecht/Thesis/test-scripts/simpleLDFBenchmarker_10M,145,492.079388,634.067174,3,179,false
/home/brecht/Thesis/watdiv/watdiv/bin/Release/datasets/100k/gen_queries/gen_queries_17_F3.txt,/home/brecht/Thesis/test-scripts/simpleLDFBenchmarker_10M,146,76.326572,86.057533,1,30,false
/home/brecht/Thesis/watdiv/watdiv/bin/Release/datasets/100k/gen_queries/gen_queries_17_F4.txt,/home/brecht/Thesis/test-scripts/simpleLDFBenchmarker_10M,147,289.362201,5298.658781,34,1305,false
/home/brecht/Thesis/watdiv/watdiv/bin/Release/datasets/100k/gen_queries/gen_queries_17_F5.txt,/home/brecht/Thesis/test-scripts/simpleLDFBenchmarker_10M,148,72.0962,811.037429,25,155,false
/home/brecht/Thesis/watdiv/watdiv/bin/Release/datasets/100k/gen_queries/gen_queries_17_L1.txt,/home/brecht/Thesis/test-scripts/simpleLDFBenchmarker_10M,149,66.489779,210.848238,5,70,false
/home/brecht/Thesis/watdiv/watdiv/bin/Release/datasets/100k/gen_queries/gen_queries_17_L2.txt,/home/brecht/Thesis/test-scripts/simpleLDFBenchmarker_10M,150,128.745455,15598.748646,223,4411,false
/home/brecht/Thesis/watdiv/watdiv/bin/Release/datasets/100k/gen_queries/gen_queries_17_L3.txt,/home/brecht/Thesis/test-scripts/simpleLDFBenchmarker_10M,151,35.921546,105.277293,15,24,false
/home/brecht/Thesis/watdiv/watdiv/bin/Release/datasets/100k/gen_queries/gen_queries_17_L4.txt,/home/brecht/Thesis/test-scripts/simpleLDFBenchmarker_10M,152,25.132312,1935.622638,56,624,false
/home/brecht/Thesis/watdiv/watdiv/bin/Release/datasets/100k/gen_queries/gen_queries_17_L5.txt,/home/brecht/Thesis/test-scripts/simpleLDFBenchmarker_10M,153,133.157107,3761.928993,58,1045,false
/home/brecht/Thesis/watdiv/watdiv/bin/Release/datasets/100k/gen_queries/gen_queries_17_S1.txt,/home/brecht/Thesis/test-scripts/simpleLDFBenchmarker_10M,154,333.414843,597.023281,7,150,false
/home/brecht/Thesis/watdiv/watdiv/bin/Release/datasets/100k/gen_queries/gen_queries_17_S2.txt,/home/brecht/Thesis/test-scripts/simpleLDFBenchmarker_10M,155,222.657114,1481.790168,11,330,false
/home/brecht/Thesis/watdiv/watdiv/bin/Release/datasets/100k/gen_queries/gen_queries_17_S3.txt,/home/brecht/Thesis/test-scripts/simpleLDFBenchmarker_10M,156,-1,4571.32671,0,1306,false
/home/brecht/Thesis/watdiv/watdiv/bin/Release/datasets/100k/gen_queries/gen_queries_17_S4.txt,/home/brecht/Thesis/test-scripts/simpleLDFBenchmarker_10M,157,2777.3884669999998,3919.8993840000003,1,929,false
/home/brecht/Thesis/watdiv/watdiv/bin/Release/datasets/100k/gen_queries/gen_queries_17_S5.txt,/home/brecht/Thesis/test-scripts/simpleLDFBenchmarker_10M,158,-1,5529.73007,0,1476,false
/home/brecht/Thesis/watdiv/watdiv/bin/Release/datasets/100k/gen_queries/gen_queries_17_S6.txt,/home/brecht/Thesis/test-scripts/simpleLDFBenchmarker_10M,159,142.82771,2385.703441,11,714,false
/home/brecht/Thesis/watdiv/watdiv/bin/Release/datasets/100k/gen_queries/gen_queries_17_S7.txt,/home/brecht/Thesis/test-scripts/simpleLDFBenchmarker_10M,160,-1,20.191304,0,5,false
/home/brecht/Thesis/watdiv/watdiv/bin/Release/datasets/100k/gen_queries/gen_queries_18_C1.txt,/home/brecht/Thesis/test-scripts/simpleLDFBenchmarker_10M,161,3704.6794959999997,61846.831053,27,10639,false
/home/brecht/Thesis/watdiv/watdiv/bin/Release/datasets/100k/gen_queries/gen_queries_18_C2.txt,/home/brecht/Thesis/test-scripts/simpleLDFBenchmarker_10M,162,16711.561371,90342.318158,1,23397,false
/home/brecht/Thesis/watdiv/watdiv/bin/Release/datasets/100k/gen_queries/gen_queries_18_C3.txt,/home/brecht/Thesis/test-scripts/simpleLDFBenchmarker_10M,163,328.833062,338530.509425,417208,58850,false
/home/brecht/Thesis/watdiv/watdiv/bin/Release/datasets/100k/gen_queries/gen_queries_18_F1.txt,/home/brecht/Thesis/test-scripts/simpleLDFBenchmarker_10M,164,171.335942,2063.145929,9,418,false
/home/brecht/Thesis/watdiv/watdiv/bin/Release/datasets/100k/gen_queries/gen_queries_18_F2.txt,/home/brecht/Thesis/test-scripts/simpleLDFBenchmarker_10M,165,500.421043,1240.834863,4,399,false
/home/brecht/Thesis/watdiv/watdiv/bin/Release/datasets/100k/gen_queries/gen_queries_18_F3.txt,/home/brecht/Thesis/test-scripts/simpleLDFBenchmarker_10M,166,265.915221,1335.3067839999999,5,382,false
/home/brecht/Thesis/watdiv/watdiv/bin/Release/datasets/100k/gen_queries/gen_queries_18_F4.txt,/home/brecht/Thesis/test-scripts/simpleLDFBenchmarker_10M,167,382.631351,5551.400727,34,1305,false
/home/brecht/Thesis/watdiv/watdiv/bin/Release/datasets/100k/gen_queries/gen_queries_18_F5.txt,/home/brecht/Thesis/test-scripts/simpleLDFBenchmarker_10M,168,97.479698,869.323942,39,260,false
/home/brecht/Thesis/watdiv/watdiv/bin/Release/datasets/100k/gen_queries/gen_queries_18_L1.txt,/home/brecht/Thesis/test-scripts/simpleLDFBenchmarker_10M,169,38.750326,200.723616,7,68,false
/home/brecht/Thesis/watdiv/watdiv/bin/Release/datasets/100k/gen_queries/gen_queries_18_L2.txt,/home/brecht/Thesis/test-scripts/simpleLDFBenchmarker_10M,170,137.522131,15810.703091,223,4411,false
/home/brecht/Thesis/watdiv/watdiv/bin/Release/datasets/100k/gen_queries/gen_queries_18_L3.txt,/home/brecht/Thesis/test-scripts/simpleLDFBenchmarker_10M,171,33.817277,134.599138,46,36,false
/home/brecht/Thesis/watdiv/watdiv/bin/Release/datasets/100k/gen_queries/gen_queries_18_L4.txt,/home/brecht/Thesis/test-scripts/simpleLDFBenchmarker_10M,172,44.202613,2299.07581,58,578,false
/home/brecht/Thesis/watdiv/watdiv/bin/Release/datasets/100k/gen_queries/gen_queries_18_L5.txt,/home/brecht/Thesis/test-scripts/simpleLDFBenchmarker_10M,173,109.261811,3439.852665,58,1045,false
/home/brecht/Thesis/watdiv/watdiv/bin/Release/datasets/100k/gen_queries/gen_queries_18_S1.txt,/home/brecht/Thesis/test-scripts/simpleLDFBenchmarker_10M,174,558.795872,784.589571,7,150,false
/home/brecht/Thesis/watdiv/watdiv/bin/Release/datasets/100k/gen_queries/gen_queries_18_S2.txt,/home/brecht/Thesis/test-scripts/simpleLDFBenchmarker_10M,175,104.450161,1103.168343,20,346,false
/home/brecht/Thesis/watdiv/watdiv/bin/Release/datasets/100k/gen_queries/gen_queries_18_S3.txt,/home/brecht/Thesis/test-scripts/simpleLDFBenchmarker_10M,176,-1,4723.536534,0,1306,false
/home/brecht/Thesis/watdiv/watdiv/bin/Release/datasets/100k/gen_queries/gen_queries_18_S4.txt,/home/brecht/Thesis/test-scripts/simpleLDFBenchmarker_10M,177,2253.409679,3656.196546,1,929,false
/home/brecht/Thesis/watdiv/watdiv/bin/Release/datasets/100k/gen_queries/gen_queries_18_S5.txt,/home/brecht/Thesis/test-scripts/simpleLDFBenchmarker_10M,178,-1,5541.177434,0,1476,false
/home/brecht/Thesis/watdiv/watdiv/bin/Release/datasets/100k/gen_queries/gen_queries_18_S6.txt,/home/brecht/Thesis/test-scripts/simpleLDFBenchmarker_10M,179,107.981487,1270.902357,9,383,false
/home/brecht/Thesis/watdiv/watdiv/bin/Release/datasets/100k/gen_queries/gen_queries_18_S7.txt,/home/brecht/Thesis/test-scripts/simpleLDFBenchmarker_10M,180,-1,29.357177,0,5,false
/home/brecht/Thesis/watdiv/watdiv/bin/Release/datasets/100k/gen_queries/gen_queries_19_C1.txt,/home/brecht/Thesis/test-scripts/simpleLDFBenchmarker_10M,181,3562.256755,61405.344148,27,10639,false
/home/brecht/Thesis/watdiv/watdiv/bin/Release/datasets/100k/gen_queries/gen_queries_19_C2.txt,/home/brecht/Thesis/test-scripts/simpleLDFBenchmarker_10M,182,16708.591153,90517.958435,1,23390,false
/home/brecht/Thesis/watdiv/watdiv/bin/Release/datasets/100k/gen_queries/gen_queries_19_C3.txt,/home/brecht/Thesis/test-scripts/simpleLDFBenchmarker_10M,183,326.627447,339522.510233,417208,58850,false
/home/brecht/Thesis/watdiv/watdiv/bin/Release/datasets/100k/gen_queries/gen_queries_19_F1.txt,/home/brecht/Thesis/test-scripts/simpleLDFBenchmarker_10M,184,240.408032,1934.963972,9,418,false
/home/brecht/Thesis/watdiv/watdiv/bin/Release/datasets/100k/gen_queries/gen_queries_19_F2.txt,/home/brecht/Thesis/test-scripts/simpleLDFBenchmarker_10M,185,573.726566,1459.8722,4,399,false
/home/brecht/Thesis/watdiv/watdiv/bin/Release/datasets/100k/gen_queries/gen_queries_19_F3.txt,/home/brecht/Thesis/test-scripts/simpleLDFBenchmarker_10M,186,359.973389,1814.9866729999999,5,382,false
/home/brecht/Thesis/watdiv/watdiv/bin/Release/datasets/100k/gen_queries/gen_queries_19_F4.txt,/home/brecht/Thesis/test-scripts/simpleLDFBenchmarker_10M,187,4574.519505,4899.82425,10,1208,false
/home/brecht/Thesis/watdiv/watdiv/bin/Release/datasets/100k/gen_queries/gen_queries_19_F5.txt,/home/brecht/Thesis/test-scripts/simpleLDFBenchmarker_10M,188,91.950453,904.862344,39,260,false
/home/brecht/Thesis/watdiv/watdiv/bin/Release/datasets/100k/gen_queries/gen_queries_19_L1.txt,/home/brecht/Thesis/test-scripts/simpleLDFBenchmarker_10M,189,50.217316,251.410264,7,68,false
/home/brecht/Thesis/watdiv/watdiv/bin/Release/datasets/100k/gen_queries/gen_queries_19_L2.txt,/home/brecht/Thesis/test-scripts/simpleLDFBenchmarker_10M,190,184.115137,9340.601175,123,2565,false
/home/brecht/Thesis/watdiv/watdiv/bin/Release/datasets/100k/gen_queries/gen_queries_19_L3.txt,/home/brecht/Thesis/test-scripts/simpleLDFBenchmarker_10M,191,35.27661,133.355828,46,36,false
/home/brecht/Thesis/watdiv/watdiv/bin/Release/datasets/100k/gen_queries/gen_queries_19_L4.txt,/home/brecht/Thesis/test-scripts/simpleLDFBenchmarker_10M,192,50.743214,1791.00446,58,578,false
/home/brecht/Thesis/watdiv/watdiv/bin/Release/datasets/100k/gen_queries/gen_queries_19_L5.txt,/home/brecht/Thesis/test-scripts/simpleLDFBenchmarker_10M,193,114.535041,3659.116872,58,1045,false
/home/brecht/Thesis/watdiv/watdiv/bin/Release/datasets/100k/gen_queries/gen_queries_19_S1.txt,/home/brecht/Thesis/test-scripts/simpleLDFBenchmarker_10M,194,342.180517,676.839698,4,172,false
/home/brecht/Thesis/watdiv/watdiv/bin/Release/datasets/100k/gen_queries/gen_queries_19_S2.txt,/home/brecht/Thesis/test-scripts/simpleLDFBenchmarker_10M,195,136.038868,1579.348509,20,346,false
/home/brecht/Thesis/watdiv/watdiv/bin/Release/datasets/100k/gen_queries/gen_queries_19_S3.txt,/home/brecht/Thesis/test-scripts/simpleLDFBenchmarker_10M,196,-1,4946.822374,0,1306,false
/home/brecht/Thesis/watdiv/watdiv/bin/Release/datasets/100k/gen_queries/gen_queries_19_S4.txt,/home/brecht/Thesis/test-scripts/simpleLDFBenchmarker_10M,197,2148.259571,3644.94745,1,929,false
/home/brecht/Thesis/watdiv/watdiv/bin/Release/datasets/100k/gen_queries/gen_queries_19_S5.txt,/home/brecht/Thesis/test-scripts/simpleLDFBenchmarker_10M,198,-1,5345.5749,0,1476,false
/home/brecht/Thesis/watdiv/watdiv/bin/Release/datasets/100k/gen_queries/gen_queries_19_S6.txt,/home/brecht/Thesis/test-scripts/simpleLDFBenchmarker_10M,199,98.822555,1476.297729,9,383,false
/home/brecht/Thesis/watdiv/watdiv/bin/Release/datasets/100k/gen_queries/gen_queries_19_S7.txt,/home/brecht/Thesis/test-scripts/simpleLDFBenchmarker_10M,200,-1,22.996918,0,5,false
/home/brecht/Thesis/watdiv/watdiv/bin/Release/datasets/100k/gen_queries/gen_queries_1_C1.txt,/home/brecht/Thesis/test-scripts/simpleLDFBenchmarker_10M,201,3599.589205,62747.864658,27,10639,false
/home/brecht/Thesis/watdiv/watdiv/bin/Release/datasets/100k/gen_queries/gen_queries_1_C2.txt,/home/brecht/Thesis/test-scripts/simpleLDFBenchmarker_10M,202,16642.961658,90544.876726,1,23371,false
/home/brecht/Thesis/watdiv/watdiv/bin/Release/datasets/100k/gen_queries/gen_queries_1_C3.txt,/home/brecht/Thesis/test-scripts/simpleLDFBenchmarker_10M,203,359.281187,336424.812189,417208,58850,false
/home/brecht/Thesis/watdiv/watdiv/bin/Release/datasets/100k/gen_queries/gen_queries_1_F1.txt,/home/brecht/Thesis/test-scripts/simpleLDFBenchmarker_10M,204,-1,1859.573744,0,416,false
/home/brecht/Thesis/watdiv/watdiv/bin/Release/datasets/100k/gen_queries/gen_queries_1_F2.txt,/home/brecht/Thesis/test-scripts/simpleLDFBenchmarker_10M,205,126.386451,264.236787,3,75,false
/home/brecht/Thesis/watdiv/watdiv/bin/Release/datasets/100k/gen_queries/gen_queries_1_F3.txt,/home/brecht/Thesis/test-scripts/simpleLDFBenchmarker_10M,206,207.64556,868.54987,5,265,false
/home/brecht/Thesis/watdiv/watdiv/bin/Release/datasets/100k/gen_queries/gen_queries_1_F4.txt,/home/brecht/Thesis/test-scripts/simpleLDFBenchmarker_10M,207,1634.2350259999998,5339.989957,4,1275,false
/home/brecht/Thesis/watdiv/watdiv/bin/Release/datasets/100k/gen_queries/gen_queries_1_F5.txt,/home/brecht/Thesis/test-scripts/simpleLDFBenchmarker_10M,208,99.795926,1612.467975,67,444,false
/home/brecht/Thesis/watdiv/watdiv/bin/Release/datasets/100k/gen_queries/gen_queries_1_L1.txt,/home/brecht/Thesis/test-scripts/simpleLDFBenchmarker_10M,209,34.694452,187.202203,5,60,false
/home/brecht/Thesis/watdiv/watdiv/bin/Release/datasets/100k/gen_queries/gen_queries_1_L2.txt,/home/brecht/Thesis/test-scripts/simpleLDFBenchmarker_10M,210,131.541562,15490.017405,223,4411,false
/home/brecht/Thesis/watdiv/watdiv/bin/Release/datasets/100k/gen_queries/gen_queries_1_L3.txt,/home/brecht/Thesis/test-scripts/simpleLDFBenchmarker_10M,211,22.255716,89.891012,44,33,false
/home/brecht/Thesis/watdiv/watdiv/bin/Release/datasets/100k/gen_queries/gen_queries_1_L4.txt,/home/brecht/Thesis/test-scripts/simpleLDFBenchmarker_10M,212,66.579466,2207.887287,54,563,false
/home/brecht/Thesis/watdiv/watdiv/bin/Release/datasets/100k/gen_queries/gen_queries_1_L5.txt,/home/brecht/Thesis/test-scripts/simpleLDFBenchmarker_10M,213,63.967343,3269.32186,45,962,false
/home/brecht/Thesis/watdiv/watdiv/bin/Release/datasets/100k/gen_queries/gen_queries_1_S1.txt,/home/brecht/Thesis/test-scripts/simpleLDFBenchmarker_10M,214,321.886981,756.396924,11,144,false
/home/brecht/Thesis/watdiv/watdiv/bin/Release/datasets/100k/gen_queries/gen_queries_1_S2.txt,/home/brecht/Thesis/test-scripts/simpleLDFBenchmarker_10M,215,128.098903,1486.596594,15,428,false
/home/brecht/Thesis/watdiv/watdiv/bin/Release/datasets/100k/gen_queries/gen_queries_1_S3.txt,/home/brecht/Thesis/test-scripts/simpleLDFBenchmarker_10M,216,-1,4845.515268,0,1306,false
/home/brecht/Thesis/watdiv/watdiv/bin/Release/datasets/100k/gen_queries/gen_queries_1_S4.txt,/home/brecht/Thesis/test-scripts/simpleLDFBenchmarker_10M,217,2506.685437,3860.133178,1,929,false
/home/brecht/Thesis/watdiv/watdiv/bin/Release/datasets/100k/gen_queries/gen_queries_1_S5.txt,/home/brecht/Thesis/test-scripts/simpleLDFBenchmarker_10M,218,-1,5512.807324,0,1476,false
/home/brecht/Thesis/watdiv/watdiv/bin/Release/datasets/100k/gen_queries/gen_queries_1_S6.txt,/home/brecht/Thesis/test-scripts/simpleLDFBenchmarker_10M,219,-1,100.429938,0,39,false
/home/brecht/Thesis/watdiv/watdiv/bin/Release/datasets/100k/gen_queries/gen_queries_1_S7.txt,/home/brecht/Thesis/test-scripts/simpleLDFBenchmarker_10M,220,-1,50.56422,0,3,false
/home/brecht/Thesis/watdiv/watdiv/bin/Release/datasets/100k/gen_queries/gen_queries_20_C1.txt,/home/brecht/Thesis/test-scripts/simpleLDFBenchmarker_10M,221,3553.284879,62187.017345,27,10639,false
/home/brecht/Thesis/watdiv/watdiv/bin/Release/datasets/100k/gen_queries/gen_queries_20_C2.txt,/home/brecht/Thesis/test-scripts/simpleLDFBenchmarker_10M,222,16533.836634,89435.674412,1,23381,false
/home/brecht/Thesis/watdiv/watdiv/bin/Release/datasets/100k/gen_queries/gen_queries_20_C3.txt,/home/brecht/Thesis/test-scripts/simpleLDFBenchmarker_10M,223,395.784646,339338.287937,417208,58850,false
/home/brecht/Thesis/watdiv/watdiv/bin/Release/datasets/100k/gen_queries/gen_queries_20_F1.txt,/home/brecht/Thesis/test-scripts/simpleLDFBenchmarker_10M,224,60.261959,1559.875418,8,419,false
/home/brecht/Thesis/watdiv/watdiv/bin/Release/datasets/100k/gen_queries/gen_queries_20_F2.txt,/home/brecht/Thesis/test-scripts/simpleLDFBenchmarker_10M,225,618.792356,1618.88058,4,399,false
/home/brecht/Thesis/watdiv/watdiv/bin/Release/datasets/100k/gen_queries/gen_queries_20_F3.txt,/home/brecht/Thesis/test-scripts/simpleLDFBenchmarker_10M,226,532.530222,1501.700144,5,382,false
/home/brecht/Thesis/watdiv/watdiv/bin/Release/datasets/100k/gen_queries/gen_queries_20_F4.txt,/home/brecht/Thesis/test-scripts/simpleLDFBenchmarker_10M,227,4345.328928,4691.476662,10,1208,false
/home/brecht/Thesis/watdiv/watdiv/bin/Release/datasets/100k/gen_queries/gen_queries_20_F5.txt,/home/brecht/Thesis/test-scripts/simpleLDFBenchmarker_10M,228,117.635492,1117.227652,39,260,false
/home/brecht/Thesis/watdiv/watdiv/bin/Release/datasets/100k/gen_queries/gen_queries_20_L1.txt,/home/brecht/Thesis/test-scripts/simpleLDFBenchmarker_10M,229,443.455224,609.501034,6,104,false
/home/brecht/Thesis/watdiv/watdiv/bin/Release/datasets/100k/gen_queries/gen_queries_20_L2.txt,/home/brecht/Thesis/test-scripts/simpleLDFBenchmarker_10M,230,119.910109,9133.464958,123,2565,false
/home/brecht/Thesis/watdiv/watdiv/bin/Release/datasets/100k/gen_queries/gen_queries_20_L3.txt,/home/brecht/Thesis/test-scripts/simpleLDFBenchmarker_10M,231,34.531239,136.985,46,36,false
/home/brecht/Thesis/watdiv/watdiv/bin/Release/datasets/100k/gen_queries/gen_queries_20_L4.txt,/home/brecht/Thesis/test-scripts/simpleLDFBenchmarker_10M,232,47.193179,1995.3243830000001,58,578,false
/home/brecht/Thesis/watdiv/watdiv/bin/Release/datasets/100k/gen_queries/gen_queries_20_L5.txt,/home/brecht/Thesis/test-scripts/simpleLDFBenchmarker_10M,233,102.135906,1299.278448,22,326,false
/home/brecht/Thesis/watdiv/watdiv/bin/Release/datasets/100k/gen_queries/gen_queries_20_S1.txt,/home/brecht/Thesis/test-scripts/simpleLDFBenchmarker_10M,234,351.803568,646.204964,4,172,false
/home/brecht/Thesis/watdiv/watdiv/bin/Release/datasets/100k/gen_queries/gen_queries_20_S2.txt,/home/brecht/Thesis/test-scripts/simpleLDFBenchmarker_10M,235,113.503047,1274.0693860000001,20,346,false
/home/brecht/Thesis/watdiv/watdiv/bin/Release/datasets/100k/gen_queries/gen_queries_20_S3.txt,/home/brecht/Thesis/test-scripts/simpleLDFBenchmarker_10M,236,-1,5186.911147,0,1306,false
/home/brecht/Thesis/watdiv/watdiv/bin/Release/datasets/100k/gen_queries/gen_queries_20_S4.txt,/home/brecht/Thesis/test-scripts/simpleLDFBenchmarker_10M,237,1895.81645,3696.293436,1,929,false
/home/brecht/Thesis/watdiv/watdiv/bin/Release/datasets/100k/gen_queries/gen_queries_20_S5.txt,/home/brecht/Thesis/test-scripts/simpleLDFBenchmarker_10M,238,-1,5149.555478,0,1476,false
/home/brecht/Thesis/watdiv/watdiv/bin/Release/datasets/100k/gen_queries/gen_queries_20_S6.txt,/home/brecht/Thesis/test-scripts/simpleLDFBenchmarker_10M,239,75.495318,1455.179689,9,383,false
/home/brecht/Thesis/watdiv/watdiv/bin/Release/datasets/100k/gen_queries/gen_queries_20_S7.txt,/home/brecht/Thesis/test-scripts/simpleLDFBenchmarker_10M,240,-1,19.829221,0,3,false
/home/brecht/Thesis/watdiv/watdiv/bin/Release/datasets/100k/gen_queries/gen_queries_2_C1.txt,/home/brecht/Thesis/test-scripts/simpleLDFBenchmarker_10M,241,3559.931631,61313.990448,27,10639,false
/home/brecht/Thesis/watdiv/watdiv/bin/Release/datasets/100k/gen_queries/gen_queries_2_C2.txt,/home/brecht/Thesis/test-scripts/simpleLDFBenchmarker_10M,242,16691.377133,90704.551494,1,23375,false
/home/brecht/Thesis/watdiv/watdiv/bin/Release/datasets/100k/gen_queries/gen_queries_2_C3.txt,/home/brecht/Thesis/test-scripts/simpleLDFBenchmarker_10M,243,348.664856,336952.815347,417208,58850,false
/home/brecht/Thesis/watdiv/watdiv/bin/Release/datasets/100k/gen_queries/gen_queries_2_F1.txt,/home/brecht/Thesis/test-scripts/simpleLDFBenchmarker_10M,244,-1,1888.676339,0,416,false
/home/brecht/Thesis/watdiv/watdiv/bin/Release/datasets/100k/gen_queries/gen_queries_2_F2.txt,/home/brecht/Thesis/test-scripts/simpleLDFBenchmarker_10M,245,128.950422,267.647473,3,75,false
/home/brecht/Thesis/watdiv/watdiv/bin/Release/datasets/100k/gen_queries/gen_queries_2_F3.txt,/home/brecht/Thesis/test-scripts/simpleLDFBenchmarker_10M,246,-1,175.412218,0,53,false
/home/brecht/Thesis/watdiv/watdiv/bin/Release/datasets/100k/gen_queries/gen_queries_2_F4.txt,/home/brecht/Thesis/test-scripts/simpleLDFBenchmarker_10M,247,1274.620612,4902.719049,4,1275,false
/home/brecht/Thesis/watdiv/watdiv/bin/Release/datasets/100k/gen_queries/gen_queries_2_F5.txt,/home/brecht/Thesis/test-scripts/simpleLDFBenchmarker_10M,248,114.198846,1596.790732,58,369,false
/home/brecht/Thesis/watdiv/watdiv/bin/Release/datasets/100k/gen_queries/gen_queries_2_L1.txt,/home/brecht/Thesis/test-scripts/simpleLDFBenchmarker_10M,249,32.602817,185.671987,5,60,false
/home/brecht/Thesis/watdiv/watdiv/bin/Release/datasets/100k/gen_queries/gen_queries_2_L2.txt,/home/brecht/Thesis/test-scripts/simpleLDFBenchmarker_10M,250,124.915167,15688.210553,223,4411,false
/home/brecht/Thesis/watdiv/watdiv/bin/Release/datasets/100k/gen_queries/gen_queries_2_L3.txt,/home/brecht/Thesis/test-scripts/simpleLDFBenchmarker_10M,251,41.16501,132.050628,43,35,false
/home/brecht/Thesis/watdiv/watdiv/bin/Release/datasets/100k/gen_queries/gen_queries_2_L4.txt,/home/brecht/Thesis/test-scripts/simpleLDFBenchmarker_10M,252,33.124292,1862.717291,54,563,false
/home/brecht/Thesis/watdiv/watdiv/bin/Release/datasets/100k/gen_queries/gen_queries_2_L5.txt,/home/brecht/Thesis/test-scripts/simpleLDFBenchmarker_10M,253,35.110735,3318.436905,45,962,false
/home/brecht/Thesis/watdiv/watdiv/bin/Release/datasets/100k/gen_queries/gen_queries_2_S1.txt,/home/brecht/Thesis/test-scripts/simpleLDFBenchmarker_10M,254,122.703869,652.925539,11,144,false
/home/brecht/Thesis/watdiv/watdiv/bin/Release/datasets/100k/gen_queries/gen_queries_2_S2.txt,/home/brecht/Thesis/test-scripts/simpleLDFBenchmarker_10M,255,176.0691,1397.18039,15,355,false
/home/brecht/Thesis/watdiv/watdiv/bin/Release/datasets/100k/gen_queries/gen_queries_2_S3.txt,/home/brecht/Thesis/test-scripts/simpleLDFBenchmarker_10M,256,-1,5073.362703,0,1306,false
/home/brecht/Thesis/watdiv/watdiv/bin/Release/datasets/100k/gen_queries/gen_queries_2_S4.txt,/home/brecht/Thesis/test-scripts/simpleLDFBenchmarker_10M,257,2736.4732599999998,3847.281674,1,929,false
/home/brecht/Thesis/watdiv/watdiv/bin/Release/datasets/100k/gen_queries/gen_queries_2_S5.txt,/home/brecht/Thesis/test-scripts/simpleLDFBenchmarker_10M,258,-1,5629.161586,0,1476,false
/home/brecht/Thesis/watdiv/watdiv/bin/Release/datasets/100k/gen_queries/gen_queries_2_S6.txt,/home/brecht/Thesis/test-scripts/simpleLDFBenchmarker_10M,259,-1,130.722537,0,39,false
/home/brecht/Thesis/watdiv/watdiv/bin/Release/datasets/100k/gen_queries/gen_queries_2_S7.txt,/home/brecht/Thesis/test-scripts/simpleLDFBenchmarker_10M,260,-1,13.499026,0,3,false
/home/brecht/Thesis/watdiv/watdiv/bin/Release/datasets/100k/gen_queries/gen_queries_3_C1.txt,/home/brecht/Thesis/test-scripts/simpleLDFBenchmarker_10M,261,3573.606165,61586.713308,27,10639,false
/home/brecht/Thesis/watdiv/watdiv/bin/Release/datasets/100k/gen_queries/gen_queries_3_C2.txt,/home/brecht/Thesis/test-scripts/simpleLDFBenchmarker_10M,262,16999.768273,92614.069656,1,23376,false
/home/brecht/Thesis/watdiv/watdiv/bin/Release/datasets/100k/gen_queries/gen_queries_3_C3.txt,/home/brecht/Thesis/test-scripts/simpleLDFBenchmarker_10M,263,352.994007,339986.50785,417208,58850,false
/home/brecht/Thesis/watdiv/watdiv/bin/Release/datasets/100k/gen_queries/gen_queries_3_F1.txt,/home/brecht/Thesis/test-scripts/simpleLDFBenchmarker_10M,264,-1,1595.561173,0,416,false
/home/brecht/Thesis/watdiv/watdiv/bin/Release/datasets/100k/gen_queries/gen_queries_3_F2.txt,/home/brecht/Thesis/test-scripts/simpleLDFBenchmarker_10M,265,83.62389,6304.555656,14,1635,false
/home/brecht/Thesis/watdiv/watdiv/bin/Release/datasets/100k/gen_queries/gen_queries_3_F3.txt,/home/brecht/Thesis/test-scripts/simpleLDFBenchmarker_10M,266,-1,174.719816,0,53,false
/home/brecht/Thesis/watdiv/watdiv/bin/Release/datasets/100k/gen_queries/gen_queries_3_F4.txt,/home/brecht/Thesis/test-scripts/simpleLDFBenchmarker_10M,267,1131.223952,4747.952903,4,1275,false
/home/brecht/Thesis/watdiv/watdiv/bin/Release/datasets/100k/gen_queries/gen_queries_3_F5.txt,/home/brecht/Thesis/test-scripts/simpleLDFBenchmarker_10M,268,57.721625,1392.9653,58,369,false
/home/brecht/Thesis/watdiv/watdiv/bin/Release/datasets/100k/gen_queries/gen_queries_3_L1.txt,/home/brecht/Thesis/test-scripts/simpleLDFBenchmarker_10M,269,39.876689,233.16364,5,60,false
/home/brecht/Thesis/watdiv/watdiv/bin/Release/datasets/100k/gen_queries/gen_queries_3_L2.txt,/home/brecht/Thesis/test-scripts/simpleLDFBenchmarker_10M,270,35.429673,4806.289462,65,1311,false
/home/brecht/Thesis/watdiv/watdiv/bin/Release/datasets/100k/gen_queries/gen_queries_3_L3.txt,/home/brecht/Thesis/test-scripts/simpleLDFBenchmarker_10M,271,44.91064,134.75213,43,35,false
/home/brecht/Thesis/watdiv/watdiv/bin/Release/datasets/100k/gen_queries/gen_queries_3_L4.txt,/home/brecht/Thesis/test-scripts/simpleLDFBenchmarker_10M,272,33.749861,1793.0202239999999,54,563,false
/home/brecht/Thesis/watdiv/watdiv/bin/Release/datasets/100k/gen_queries/gen_queries_3_L5.txt,/home/brecht/Thesis/test-scripts/simpleLDFBenchmarker_10M,273,34.918063,3350.878954,45,962,false
/home/brecht/Thesis/watdiv/watdiv/bin/Release/datasets/100k/gen_queries/gen_queries_3_S1.txt,/home/brecht/Thesis/test-scripts/simpleLDFBenchmarker_10M,274,118.636951,873.224167,25,193,false
/home/brecht/Thesis/watdiv/watdiv/bin/Release/datasets/100k/gen_queries/gen_queries_3_S2.txt,/home/brecht/Thesis/test-scripts/simpleLDFBenchmarker_10M,275,185.16997,1592.868538,15,355,false
/home/brecht/Thesis/watdiv/watdiv/bin/Release/datasets/100k/gen_queries/gen_queries_3_S3.txt,/home/brecht/Thesis/test-scripts/simpleLDFBenchmarker_10M,276,-1,4640.197905,0,1306,false
/home/brecht/Thesis/watdiv/watdiv/bin/Release/datasets/100k/gen_queries/gen_queries_3_S4.txt,/home/brecht/Thesis/test-scripts/simpleLDFBenchmarker_10M,277,2343.080922,3699.769808,1,929,false
/home/brecht/Thesis/watdiv/watdiv/bin/Release/datasets/100k/gen_queries/gen_queries_3_S5.txt,/home/brecht/Thesis/test-scripts/simpleLDFBenchmarker_10M,278,-1,5589.078723,0,1476,false
/home/brecht/Thesis/watdiv/watdiv/bin/Release/datasets/100k/gen_queries/gen_queries_3_S6.txt,/home/brecht/Thesis/test-scripts/simpleLDFBenchmarker_10M,279,373.505817,1482.378862,5,379,false
/home/brecht/Thesis/watdiv/watdiv/bin/Release/datasets/100k/gen_queries/gen_queries_3_S7.txt,/home/brecht/Thesis/test-scripts/simpleLDFBenchmarker_10M,280,-1,16.600645,0,3,false
/home/brecht/Thesis/watdiv/watdiv/bin/Release/datasets/100k/gen_queries/gen_queries_4_C1.txt,/home/brecht/Thesis/test-scripts/simpleLDFBenchmarker_10M,281,3640.672062,62161.895658,27,10639,false
/home/brecht/Thesis/watdiv/watdiv/bin/Release/datasets/100k/gen_queries/gen_queries_4_C2.txt,/home/brecht/Thesis/test-scripts/simpleLDFBenchmarker_10M,282,16701.874706,89445.94880499999,1,23379,false
/home/brecht/Thesis/watdiv/watdiv/bin/Release/datasets/100k/gen_queries/gen_queries_4_C3.txt,/home/brecht/Thesis/test-scripts/simpleLDFBenchmarker_10M,283,327.691188,338091.251458,417208,58850,false
/home/brecht/Thesis/watdiv/watdiv/bin/Release/datasets/100k/gen_queries/gen_queries_4_F1.txt,/home/brecht/Thesis/test-scripts/simpleLDFBenchmarker_10M,284,1090.485535,1656.526159,3,417,false
/home/brecht/Thesis/watdiv/watdiv/bin/Release/datasets/100k/gen_queries/gen_queries_4_F2.txt,/home/brecht/Thesis/test-scripts/simpleLDFBenchmarker_10M,285,82.250492,6303.553206,14,1635,false
/home/brecht/Thesis/watdiv/watdiv/bin/Release/datasets/100k/gen_queries/gen_queries_4_F3.txt,/home/brecht/Thesis/test-scripts/simpleLDFBenchmarker_10M,286,-1,209.051465,0,53,false
/home/brecht/Thesis/watdiv/watdiv/bin/Release/datasets/100k/gen_queries/gen_queries_4_F4.txt,/home/brecht/Thesis/test-scripts/simpleLDFBenchmarker_10M,287,-1,4668.3548009999995,0,1179,false
/home/brecht/Thesis/watdiv/watdiv/bin/Release/datasets/100k/gen_queries/gen_queries_4_F5.txt,/home/brecht/Thesis/test-scripts/simpleLDFBenchmarker_10M,288,65.749891,1495.715225,58,369,false
/home/brecht/Thesis/watdiv/watdiv/bin/Release/datasets/100k/gen_queries/gen_queries_4_L1.txt,/home/brecht/Thesis/test-scripts/simpleLDFBenchmarker_10M,289,84.631814,303.935278,5,60,false
/home/brecht/Thesis/watdiv/watdiv/bin/Release/datasets/100k/gen_queries/gen_queries_4_L2.txt,/home/brecht/Thesis/test-scripts/simpleLDFBenchmarker_10M,290,40.508721,4952.110363,65,1311,false
/home/brecht/Thesis/watdiv/watdiv/bin/Release/datasets/100k/gen_queries/gen_queries_4_L3.txt,/home/brecht/Thesis/test-scripts/simpleLDFBenchmarker_10M,291,43.175518,132.410949,43,35,false
/home/brecht/Thesis/watdiv/watdiv/bin/Release/datasets/100k/gen_queries/gen_queries_4_L4.txt,/home/brecht/Thesis/test-scripts/simpleLDFBenchmarker_10M,292,64.063303,1927.5184960000001,59,597,false
/home/brecht/Thesis/watdiv/watdiv/bin/Release/datasets/100k/gen_queries/gen_queries_4_L5.txt,/home/brecht/Thesis/test-scripts/simpleLDFBenchmarker_10M,293,105.774716,6286.634867,82,1736,false
/home/brecht/Thesis/watdiv/watdiv/bin/Release/datasets/100k/gen_queries/gen_queries_4_S1.txt,/home/brecht/Thesis/test-scripts/simpleLDFBenchmarker_10M,294,118.978009,728.313037,25,193,false
/home/brecht/Thesis/watdiv/watdiv/bin/Release/datasets/100k/gen_queries/gen_queries_4_S2.txt,/home/brecht/Thesis/test-scripts/simpleLDFBenchmarker_10M,295,145.88352,1244.09581,15,355,false
/home/brecht/Thesis/watdiv/watdiv/bin/Release/datasets/100k/gen_queries/gen_queries_4_S3.txt,/home/brecht/Thesis/test-scripts/simpleLDFBenchmarker_10M,296,-1,4975.871499,0,1306,false
/home/brecht/Thesis/watdiv/watdiv/bin/Release/datasets/100k/gen_queries/gen_queries_4_S4.txt,/home/brecht/Thesis/test-scripts/simpleLDFBenchmarker_10M,297,2004.657552,3759.173881,1,929,false
/home/brecht/Thesis/watdiv/watdiv/bin/Release/datasets/100k/gen_queries/gen_queries_4_S5.txt,/home/brecht/Thesis/test-scripts/simpleLDFBenchmarker_10M,298,-1,5177.061826,0,1476,false
/home/brecht/Thesis/watdiv/watdiv/bin/Release/datasets/100k/gen_queries/gen_queries_4_S6.txt,/home/brecht/Thesis/test-scripts/simpleLDFBenchmarker_10M,299,69.807119,1471.2332390000001,5,379,false
/home/brecht/Thesis/watdiv/watdiv/bin/Release/datasets/100k/gen_queries/gen_queries_4_S7.txt,/home/brecht/Thesis/test-scripts/simpleLDFBenchmarker_10M,300,-1,20.042063,0,3,false
/home/brecht/Thesis/watdiv/watdiv/bin/Release/datasets/100k/gen_queries/gen_queries_5_C1.txt,/home/brecht/Thesis/test-scripts/simpleLDFBenchmarker_10M,301,3507.567562,62046.776824,27,10639,false
/home/brecht/Thesis/watdiv/watdiv/bin/Release/datasets/100k/gen_queries/gen_queries_5_C2.txt,/home/brecht/Thesis/test-scripts/simpleLDFBenchmarker_10M,302,16267.478379,89292.195896,1,23374,false
/home/brecht/Thesis/watdiv/watdiv/bin/Release/datasets/100k/gen_queries/gen_queries_5_C3.txt,/home/brecht/Thesis/test-scripts/simpleLDFBenchmarker_10M,303,331.656053,340527.543553,417208,58850,false
/home/brecht/Thesis/watdiv/watdiv/bin/Release/datasets/100k/gen_queries/gen_queries_5_F1.txt,/home/brecht/Thesis/test-scripts/simpleLDFBenchmarker_10M,304,1080.4018839999999,1581.4750199999999,3,417,false
/home/brecht/Thesis/watdiv/watdiv/bin/Release/datasets/100k/gen_queries/gen_queries_5_F2.txt,/home/brecht/Thesis/test-scripts/simpleLDFBenchmarker_10M,305,109.408465,6324.638505,14,1635,false
/home/brecht/Thesis/watdiv/watdiv/bin/Release/datasets/100k/gen_queries/gen_queries_5_F3.txt,/home/brecht/Thesis/test-scripts/simpleLDFBenchmarker_10M,306,179.378263,255.304224,2,81,false
/home/brecht/Thesis/watdiv/watdiv/bin/Release/datasets/100k/gen_queries/gen_queries_5_F4.txt,/home/brecht/Thesis/test-scripts/simpleLDFBenchmarker_10M,307,-1,4801.246182,0,1179,false
/home/brecht/Thesis/watdiv/watdiv/bin/Release/datasets/100k/gen_queries/gen_queries_5_F5.txt,/home/brecht/Thesis/test-scripts/simpleLDFBenchmarker_10M,308,101.171472,1428.745835,58,369,false
/home/brecht/Thesis/watdiv/watdiv/bin/Release/datasets/100k/gen_queries/gen_queries_5_L1.txt,/home/brecht/Thesis/test-scripts/simpleLDFBenchmarker_10M,309,43.922844,425.115041,8,105,false
/home/brecht/Thesis/watdiv/watdiv/bin/Release/datasets/100k/gen_queries/gen_queries_5_L2.txt,/home/brecht/Thesis/test-scripts/simpleLDFBenchmarker_10M,310,41.284914,4994.150059,65,1311,false
/home/brecht/Thesis/watdiv/watdiv/bin/Release/datasets/100k/gen_queries/gen_queries_5_L3.txt,/home/brecht/Thesis/test-scripts/simpleLDFBenchmarker_10M,311,20.925816,121.699503,41,29,false
/home/brecht/Thesis/watdiv/watdiv/bin/Release/datasets/100k/gen_queries/gen_queries_5_L4.txt,/home/brecht/Thesis/test-scripts/simpleLDFBenchmarker_10M,312,65.05449,1985.906176,59,597,false
/home/brecht/Thesis/watdiv/watdiv/bin/Release/datasets/100k/gen_queries/gen_queries_5_L5.txt,/home/brecht/Thesis/test-scripts/simpleLDFBenchmarker_10M,313,98.072021,6245.396267,82,1736,false
/home/brecht/Thesis/watdiv/watdiv/bin/Release/datasets/100k/gen_queries/gen_queries_5_S1.txt,/home/brecht/Thesis/test-scripts/simpleLDFBenchmarker_10M,314,131.118303,760.438049,25,193,false
/home/brecht/Thesis/watdiv/watdiv/bin/Release/datasets/100k/gen_queries/gen_queries_5_S2.txt,/home/brecht/Thesis/test-scripts/simpleLDFBenchmarker_10M,315,111.666984,6616.90323,69,1733,false
/home/brecht/Thesis/watdiv/watdiv/bin/Release/datasets/100k/gen_queries/gen_queries_5_S3.txt,/home/brecht/Thesis/test-scripts/simpleLDFBenchmarker_10M,316,-1,4898.886546,0,1306,false
/home/brecht/Thesis/watdiv/watdiv/bin/Release/datasets/100k/gen_queries/gen_queries_5_S4.txt,/home/brecht/Thesis/test-scripts/simpleLDFBenchmarker_10M,317,2366.8859899999998,3626.212687,1,929,false
/home/brecht/Thesis/watdiv/watdiv/bin/Release/datasets/100k/gen_queries/gen_queries_5_S5.txt,/home/brecht/Thesis/test-scripts/simpleLDFBenchmarker_10M,318,108.557498,5879.9618709999995,10,1538,false
/home/brecht/Thesis/watdiv/watdiv/bin/Release/datasets/100k/gen_queries/gen_queries_5_S6.txt,/home/brecht/Thesis/test-scripts/simpleLDFBenchmarker_10M,319,104.719124,1184.959186,5,379,false
/home/brecht/Thesis/watdiv/watdiv/bin/Release/datasets/100k/gen_queries/gen_queries_5_S7.txt,/home/brecht/Thesis/test-scripts/simpleLDFBenchmarker_10M,320,-1,15.122036,0,3,false
/home/brecht/Thesis/watdiv/watdiv/bin/Release/datasets/100k/gen_queries/gen_queries_6_C1.txt,/home/brecht/Thesis/test-scripts/simpleLDFBenchmarker_10M,321,3601.111912,62232.537103,27,10639,false
/home/brecht/Thesis/watdiv/watdiv/bin/Release/datasets/100k/gen_queries/gen_queries_6_C2.txt,/home/brecht/Thesis/test-scripts/simpleLDFBenchmarker_10M,322,16827.233998,91400.051538,1,23378,false
/home/brecht/Thesis/watdiv/watdiv/bin/Release/datasets/100k/gen_queries/gen_queries_6_C3.txt,/home/brecht/Thesis/test-scripts/simpleLDFBenchmarker_10M,323,508.465555,341490.333517,417208,58850,false
/home/brecht/Thesis/watdiv/watdiv/bin/Release/datasets/100k/gen_queries/gen_queries_6_F1.txt,/home/brecht/Thesis/test-scripts/simpleLDFBenchmarker_10M,324,1151.57237,1842.141219,3,417,false
/home/brecht/Thesis/watdiv/watdiv/bin/Release/datasets/100k/gen_queries/gen_queries_6_F2.txt,/home/brecht/Thesis/test-scripts/simpleLDFBenchmarker_10M,325,79.642542,5410.272378,15,1391,false
/home/brecht/Thesis/watdiv/watdiv/bin/Release/datasets/100k/gen_queries/gen_queries_6_F3.txt,/home/brecht/Thesis/test-scripts/simpleLDFBenchmarker_10M,326,220.137803,297.260777,2,81,false
/home/brecht/Thesis/watdiv/watdiv/bin/Release/datasets/100k/gen_queries/gen_queries_6_F4.txt,/home/brecht/Thesis/test-scripts/simpleLDFBenchmarker_10M,327,-1,4770.038678,0,1179,false
/home/brecht/Thesis/watdiv/watdiv/bin/Release/datasets/100k/gen_queries/gen_queries_6_F5.txt,/home/brecht/Thesis/test-scripts/simpleLDFBenchmarker_10M,328,110.288288,922.160382,35,220,false
/home/brecht/Thesis/watdiv/watdiv/bin/Release/datasets/100k/gen_queries/gen_queries_6_L1.txt,/home/brecht/Thesis/test-scripts/simpleLDFBenchmarker_10M,329,43.202739,431.138227,8,105,false
/home/brecht/Thesis/watdiv/watdiv/bin/Release/datasets/100k/gen_queries/gen_queries_6_L2.txt,/home/brecht/Thesis/test-scripts/simpleLDFBenchmarker_10M,330,276.274093,3442.750075,37,962,false
/home/brecht/Thesis/watdiv/watdiv/bin/Release/datasets/100k/gen_queries/gen_queries_6_L3.txt,/home/brecht/Thesis/test-scripts/simpleLDFBenchmarker_10M,331,23.374066,140.124931,41,29,false
/home/brecht/Thesis/watdiv/watdiv/bin/Release/datasets/100k/gen_queries/gen_queries_6_L4.txt,/home/brecht/Thesis/test-scripts/simpleLDFBenchmarker_10M,332,82.979173,2129.865147,59,597,false
/home/brecht/Thesis/watdiv/watdiv/bin/Release/datasets/100k/gen_queries/gen_queries_6_L5.txt,/home/brecht/Thesis/test-scripts/simpleLDFBenchmarker_10M,333,116.256568,6259.363364,82,1736,false
/home/brecht/Thesis/watdiv/watdiv/bin/Release/datasets/100k/gen_queries/gen_queries_6_S1.txt,/home/brecht/Thesis/test-scripts/simpleLDFBenchmarker_10M,334,79.503591,621.592831,9,163,false
/home/brecht/Thesis/watdiv/watdiv/bin/Release/datasets/100k/gen_queries/gen_queries_6_S2.txt,/home/brecht/Thesis/test-scripts/simpleLDFBenchmarker_10M,335,76.271163,6632.057977,69,1733,false
/home/brecht/Thesis/watdiv/watdiv/bin/Release/datasets/100k/gen_queries/gen_queries_6_S3.txt,/home/brecht/Thesis/test-scripts/simpleLDFBenchmarker_10M,336,-1,5197.265927,0,1306,false
/home/brecht/Thesis/watdiv/watdiv/bin/Release/datasets/100k/gen_queries/gen_queries_6_S4.txt,/home/brecht/Thesis/test-scripts/simpleLDFBenchmarker_10M,337,-1,692.566568,0,198,false
/home/brecht/Thesis/watdiv/watdiv/bin/Release/datasets/100k/gen_queries/gen_queries_6_S5.txt,/home/brecht/Thesis/test-scripts/simpleLDFBenchmarker_10M,338,80.587487,6344.786521,10,1538,false
/home/brecht/Thesis/watdiv/watdiv/bin/Release/datasets/100k/gen_queries/gen_queries_6_S6.txt,/home/brecht/Thesis/test-scripts/simpleLDFBenchmarker_10M,339,64.870686,1296.323408,15,389,false
/home/brecht/Thesis/watdiv/watdiv/bin/Release/datasets/100k/gen_queries/gen_queries_6_S7.txt,/home/brecht/Thesis/test-scripts/simpleLDFBenchmarker_10M,340,-1,13.875295,0,3,false
/home/brecht/Thesis/watdiv/watdiv/bin/Release/datasets/100k/gen_queries/gen_queries_7_C1.txt,/home/brecht/Thesis/test-scripts/simpleLDFBenchmarker_10M,341,3717.424713,63485.326881,27,10639,false
/home/brecht/Thesis/watdiv/watdiv/bin/Release/datasets/100k/gen_queries/gen_queries_7_C2.txt,/home/brecht/Thesis/test-scripts/simpleLDFBenchmarker_10M,342,17012.500545,89440.399402,1,23364,false
/home/brecht/Thesis/watdiv/watdiv/bin/Release/datasets/100k/gen_queries/gen_queries_7_C3.txt,/home/brecht/Thesis/test-scripts/simpleLDFBenchmarker_10M,343,424.055466,339851.911508,417208,58850,false
/home/brecht/Thesis/watdiv/watdiv/bin/Release/datasets/100k/gen_queries/gen_queries_7_F1.txt,/home/brecht/Thesis/test-scripts/simpleLDFBenchmarker_10M,344,691.315184,1704.0792860000001,8,418,false
/home/brecht/Thesis/watdiv/watdiv/bin/Release/datasets/100k/gen_queries/gen_queries_7_F2.txt,/home/brecht/Thesis/test-scripts/simpleLDFBenchmarker_10M,345,112.196462,5712.649869,15,1391,false
/home/brecht/Thesis/watdiv/watdiv/bin/Release/datasets/100k/gen_queries/gen_queries_7_F3.txt,/home/brecht/Thesis/test-scripts/simpleLDFBenchmarker_10M,346,177.620138,254.948471,2,81,false
/home/brecht/Thesis/watdiv/watdiv/bin/Release/datasets/100k/gen_queries/gen_queries_7_F4.txt,/home/brecht/Thesis/test-scripts/simpleLDFBenchmarker_10M,347,1196.139379,5142.106972,27,1332,false
/home/brecht/Thesis/watdiv/watdiv/bin/Release/datasets/100k/gen_queries/gen_queries_7_F5.txt,/home/brecht/Thesis/test-scripts/simpleLDFBenchmarker_10M,348,91.684853,859.49472,35,220,false
/home/brecht/Thesis/watdiv/watdiv/bin/Release/datasets/100k/gen_queries/gen_queries_7_L1.txt,/home/brecht/Thesis/test-scripts/simpleLDFBenchmarker_10M,349,57.250591,442.075488,8,105,false
/home/brecht/Thesis/watdiv/watdiv/bin/Release/datasets/100k/gen_queries/gen_queries_7_L2.txt,/home/brecht/Thesis/test-scripts/simpleLDFBenchmarker_10M,350,45.703049,3318.804815,37,962,false
/home/brecht/Thesis/watdiv/watdiv/bin/Release/datasets/100k/gen_queries/gen_queries_7_L3.txt,/home/brecht/Thesis/test-scripts/simpleLDFBenchmarker_10M,351,24.381383,142.881297,41,29,false
/home/brecht/Thesis/watdiv/watdiv/bin/Release/datasets/100k/gen_queries/gen_queries_7_L4.txt,/home/brecht/Thesis/test-scripts/simpleLDFBenchmarker_10M,352,56.914507,2181.55485,61,595,false
/home/brecht/Thesis/watdiv/watdiv/bin/Release/datasets/100k/gen_queries/gen_queries_7_L5.txt,/home/brecht/Thesis/test-scripts/simpleLDFBenchmarker_10M,353,68.568224,1721.363843,18,527,false
/home/brecht/Thesis/watdiv/watdiv/bin/Release/datasets/100k/gen_queries/gen_queries_7_S1.txt,/home/brecht/Thesis/test-scripts/simpleLDFBenchmarker_10M,354,98.246645,902.482192,9,163,false
/home/brecht/Thesis/watdiv/watdiv/bin/Release/datasets/100k/gen_queries/gen_queries_7_S2.txt,/home/brecht/Thesis/test-scripts/simpleLDFBenchmarker_10M,355,113.96003,6044.631171,69,1733,false
/home/brecht/Thesis/watdiv/watdiv/bin/Release/datasets/100k/gen_queries/gen_queries_7_S3.txt,/home/brecht/Thesis/test-scripts/simpleLDFBenchmarker_10M,356,-1,5071.188732,0,1306,false
/home/brecht/Thesis/watdiv/watdiv/bin/Release/datasets/100k/gen_queries/gen_queries_7_S4.txt,/home/brecht/Thesis/test-scripts/simpleLDFBenchmarker_10M,357,-1,643.461936,0,198,false
/home/brecht/Thesis/watdiv/watdiv/bin/Release/datasets/100k/gen_queries/gen_queries_7_S5.txt,/home/brecht/Thesis/test-scripts/simpleLDFBenchmarker_10M,358,109.083086,5622.133375,10,1538,false
/home/brecht/Thesis/watdiv/watdiv/bin/Release/datasets/100k/gen_queries/gen_queries_7_S6.txt,/home/brecht/Thesis/test-scripts/simpleLDFBenchmarker_10M,359,117.724666,1632.211213,15,389,false
/home/brecht/Thesis/watdiv/watdiv/bin/Release/datasets/100k/gen_queries/gen_queries_7_S7.txt,/home/brecht/Thesis/test-scripts/simpleLDFBenchmarker_10M,360,25.759049,26.337485,1,7,false
/home/brecht/Thesis/watdiv/watdiv/bin/Release/datasets/100k/gen_queries/gen_queries_8_C1.txt,/home/brecht/Thesis/test-scripts/simpleLDFBenchmarker_10M,361,3757.71146,62575.935336,27,10639,false
/home/brecht/Thesis/watdiv/watdiv/bin/Release/datasets/100k/gen_queries/gen_queries_8_C2.txt,/home/brecht/Thesis/test-scripts/simpleLDFBenchmarker_10M,362,16971.311364,91461.504039,1,23364,false
/home/brecht/Thesis/watdiv/watdiv/bin/Release/datasets/100k/gen_queries/gen_queries_8_C3.txt,/home/brecht/Thesis/test-scripts/simpleLDFBenchmarker_10M,363,383.246211,341116.414897,417208,58850,false
/home/brecht/Thesis/watdiv/watdiv/bin/Release/datasets/100k/gen_queries/gen_queries_8_F1.txt,/home/brecht/Thesis/test-scripts/simpleLDFBenchmarker_10M,364,673.278925,1655.499272,8,418,false
/home/brecht/Thesis/watdiv/watdiv/bin/Release/datasets/100k/gen_queries/gen_queries_8_F2.txt,/home/brecht/Thesis/test-scripts/simpleLDFBenchmarker_10M,365,100.310459,5690.709917,15,1391,false
/home/brecht/Thesis/watdiv/watdiv/bin/Release/datasets/100k/gen_queries/gen_queries_8_F3.txt,/home/brecht/Thesis/test-scripts/simpleLDFBenchmarker_10M,366,945.98098,4117.147,13,1146,false
/home/brecht/Thesis/watdiv/watdiv/bin/Release/datasets/100k/gen_queries/gen_queries_8_F4.txt,/home/brecht/Thesis/test-scripts/simpleLDFBenchmarker_10M,367,1070.76397,5009.285891,27,1332,false
/home/brecht/Thesis/watdiv/watdiv/bin/Release/datasets/100k/gen_queries/gen_queries_8_F5.txt,/home/brecht/Thesis/test-scripts/simpleLDFBenchmarker_10M,368,92.155272,806.121126,35,220,false
/home/brecht/Thesis/watdiv/watdiv/bin/Release/datasets/100k/gen_queries/gen_queries_8_L1.txt,/home/brecht/Thesis/test-scripts/simpleLDFBenchmarker_10M,369,106.038743,249.976932,4,60,false
/home/brecht/Thesis/watdiv/watdiv/bin/Release/datasets/100k/gen_queries/gen_queries_8_L2.txt,/home/brecht/Thesis/test-scripts/simpleLDFBenchmarker_10M,370,48.331732,3431.397894,37,962,false
/home/brecht/Thesis/watdiv/watdiv/bin/Release/datasets/100k/gen_queries/gen_queries_8_L3.txt,/home/brecht/Thesis/test-scripts/simpleLDFBenchmarker_10M,371,72.335852,134.112335,42,28,false
/home/brecht/Thesis/watdiv/watdiv/bin/Release/datasets/100k/gen_queries/gen_queries_8_L4.txt,/home/brecht/Thesis/test-scripts/simpleLDFBenchmarker_10M,372,54.924709,2247.389782,61,595,false
/home/brecht/Thesis/watdiv/watdiv/bin/Release/datasets/100k/gen_queries/gen_queries_8_L5.txt,/home/brecht/Thesis/test-scripts/simpleLDFBenchmarker_10M,373,68.670147,1726.541753,18,527,false
/home/brecht/Thesis/watdiv/watdiv/bin/Release/datasets/100k/gen_queries/gen_queries_8_S1.txt,/home/brecht/Thesis/test-scripts/simpleLDFBenchmarker_10M,374,99.645899,739.015894,9,163,false
/home/brecht/Thesis/watdiv/watdiv/bin/Release/datasets/100k/gen_queries/gen_queries_8_S2.txt,/home/brecht/Thesis/test-scripts/simpleLDFBenchmarker_10M,375,136.436428,6485.76356,69,1733,false
/home/brecht/Thesis/watdiv/watdiv/bin/Release/datasets/100k/gen_queries/gen_queries_8_S3.txt,/home/brecht/Thesis/test-scripts/simpleLDFBenchmarker_10M,376,-1,5118.826662,0,1306,false
/home/brecht/Thesis/watdiv/watdiv/bin/Release/datasets/100k/gen_queries/gen_queries_8_S4.txt,/home/brecht/Thesis/test-scripts/simpleLDFBenchmarker_10M,377,-1,904.508062,0,198,false
/home/brecht/Thesis/watdiv/watdiv/bin/Release/datasets/100k/gen_queries/gen_queries_8_S5.txt,/home/brecht/Thesis/test-scripts/simpleLDFBenchmarker_10M,378,-1,5401.502305,0,1476,false
/home/brecht/Thesis/watdiv/watdiv/bin/Release/datasets/100k/gen_queries/gen_queries_8_S6.txt,/home/brecht/Thesis/test-scripts/simpleLDFBenchmarker_10M,379,118.618645,1727.3387269999998,15,389,false
/home/brecht/Thesis/watdiv/watdiv/bin/Release/datasets/100k/gen_queries/gen_queries_8_S7.txt,/home/brecht/Thesis/test-scripts/simpleLDFBenchmarker_10M,380,29.403008,29.74462,1,7,false
/home/brecht/Thesis/watdiv/watdiv/bin/Release/datasets/100k/gen_queries/gen_queries_9_C1.txt,/home/brecht/Thesis/test-scripts/simpleLDFBenchmarker_10M,381,3766.413915,60683.938874,27,10639,false
/home/brecht/Thesis/watdiv/watdiv/bin/Release/datasets/100k/gen_queries/gen_queries_9_C2.txt,/home/brecht/Thesis/test-scripts/simpleLDFBenchmarker_10M,382,16845.268801,90463.848853,1,23353,false
/home/brecht/Thesis/watdiv/watdiv/bin/Release/datasets/100k/gen_queries/gen_queries_9_C3.txt,/home/brecht/Thesis/test-scripts/simpleLDFBenchmarker_10M,383,380.472077,336520.765147,417208,58850,false
/home/brecht/Thesis/watdiv/watdiv/bin/Release/datasets/100k/gen_queries/gen_queries_9_F1.txt,/home/brecht/Thesis/test-scripts/simpleLDFBenchmarker_10M,384,898.312382,1838.3845780000001,8,418,false
/home/brecht/Thesis/watdiv/watdiv/bin/Release/datasets/100k/gen_queries/gen_queries_9_F2.txt,/home/brecht/Thesis/test-scripts/simpleLDFBenchmarker_10M,385,-1,635.949101,0,193,false
/home/brecht/Thesis/watdiv/watdiv/bin/Release/datasets/100k/gen_queries/gen_queries_9_F3.txt,/home/brecht/Thesis/test-scripts/simpleLDFBenchmarker_10M,386,1246.267819,4480.164549,13,1146,false
/home/brecht/Thesis/watdiv/watdiv/bin/Release/datasets/100k/gen_queries/gen_queries_9_F4.txt,/home/brecht/Thesis/test-scripts/simpleLDFBenchmarker_10M,387,1510.247628,5419.081658,27,1332,false
/home/brecht/Thesis/watdiv/watdiv/bin/Release/datasets/100k/gen_queries/gen_queries_9_F5.txt,/home/brecht/Thesis/test-scripts/simpleLDFBenchmarker_10M,388,86.830875,1066.385995,51,325,false
/home/brecht/Thesis/watdiv/watdiv/bin/Release/datasets/100k/gen_queries/gen_queries_9_L1.txt,/home/brecht/Thesis/test-scripts/simpleLDFBenchmarker_10M,389,109.65279,189.151075,4,60,false
/home/brecht/Thesis/watdiv/watdiv/bin/Release/datasets/100k/gen_queries/gen_queries_9_L2.txt,/home/brecht/Thesis/test-scripts/simpleLDFBenchmarker_10M,390,34.098082,3495.045604,37,962,false
/home/brecht/Thesis/watdiv/watdiv/bin/Release/datasets/100k/gen_queries/gen_queries_9_L3.txt,/home/brecht/Thesis/test-scripts/simpleLDFBenchmarker_10M,391,28.868615,84.416014,42,28,false
/home/brecht/Thesis/watdiv/watdiv/bin/Release/datasets/100k/gen_queries/gen_queries_9_L4.txt,/home/brecht/Thesis/test-scripts/simpleLDFBenchmarker_10M,392,76.40043,2166.293098,61,595,false
/home/brecht/Thesis/watdiv/watdiv/bin/Release/datasets/100k/gen_queries/gen_queries_9_L5.txt,/home/brecht/Thesis/test-scripts/simpleLDFBenchmarker_10M,393,339.007756,1907.9372090000002,18,527,false
/home/brecht/Thesis/watdiv/watdiv/bin/Release/datasets/100k/gen_queries/gen_queries_9_S1.txt,/home/brecht/Thesis/test-scripts/simpleLDFBenchmarker_10M,394,210.871115,1203.171342,19,296,false
/home/brecht/Thesis/watdiv/watdiv/bin/Release/datasets/100k/gen_queries/gen_queries_9_S2.txt,/home/brecht/Thesis/test-scripts/simpleLDFBenchmarker_10M,395,84.240788,13014.46185,110,3406,false
/home/brecht/Thesis/watdiv/watdiv/bin/Release/datasets/100k/gen_queries/gen_queries_9_S3.txt,/home/brecht/Thesis/test-scripts/simpleLDFBenchmarker_10M,396,-1,4774.802719,0,1306,false
/home/brecht/Thesis/watdiv/watdiv/bin/Release/datasets/100k/gen_queries/gen_queries_9_S4.txt,/home/brecht/Thesis/test-scripts/simpleLDFBenchmarker_10M,397,4087.205377,4096.313456,10,1116,false
/home/brecht/Thesis/watdiv/watdiv/bin/Release/datasets/100k/gen_queries/gen_queries_9_S5.txt,/home/brecht/Thesis/test-scripts/simpleLDFBenchmarker_10M,398,-1,5815.721299,0,1476,false
/home/brecht/Thesis/watdiv/watdiv/bin/Release/datasets/100k/gen_queries/gen_queries_9_S6.txt,/home/brecht/Thesis/test-scripts/simpleLDFBenchmarker_10M,399,133.78322,1213.581676,6,380,false
/home/brecht/Thesis/watdiv/watdiv/bin/Release/datasets/100k/gen_queries/gen_queries_9_S7.txt,/home/brecht/Thesis/test-scripts/simpleLDFBenchmarker_10M,400,25.985856,26.182486,1,7,false
